Carimbo de data/hora,"Por favor, leia com atenção todas as informações que constam no Termo de Consentimento Livre e Esclarecido, no link abaixo, e fique à vontade para decidir se deseja ou não participar do estudo. Caso deseje participar, declare a sua participação VOLUNTÁRIA clicando em ACEITO. 

Link para o TCLE",Qual a sua idade?,Como você se identifica?,Qual é a sua identidade de gênero?,Qual é a sua sexualidade?,Qual o seu nível de escolaridade?,Há quanto tempo você trabalha em shopping?,Em qual área você trabalha?,Quantas horas por semana você trabalha no total?,Você tem outro trabalho?,Você possui dependentes financeiros? ,Sua residência é:,Qual a distância de sua residência ao seu lugar de trabalho?,"1.1) Em termos gerais, a minha atividade profissional provoca-me… ",2.1) A falta de possibilidades de desenvolvimento e promoção na carreira ,"2.2) Atitudes negativas relativamente ao nosso trabalho por parte das pessoas a quem presto os meus serviços (ex: clientes, cidadãos, etc.)  ","2.3) Falta de tempo para manter uma boa relação com as pessoas mais próximas (ex: cônjuge, filhos, amigos, etc.) ",2.4) Conflitos e problemas com colegas de trabalho ,2.5) Trabalhar muitas horas seguidas,2.6) Viver com os recursos financeiros/salário de que disponho,2.7) Falta de condições de trabalho,"2.8) Incompreensão face ao nosso trabalho por parte das pessoas a quem presto os meus serviços (ex: clientes, cidadãos, etc.)  ",2.9) Falta de materiais e equipamentos para realizar o meu trabalho,2.10) O excesso de trabalho e/ou tarefas de caráter burocrático,2.11) Ter de realizar muitas horas seguidas de trabalho ,2.12) Conflitos e problemas com superiores hierárquicos ,"2.13) Cumprir com aquilo que é esperado pelas pessoas a quem presto os meus serviços (ex: clientes, cidadãos, etc.)  ",2.14) Falta de tempo para dar apoio e conviver com a minha família/amigos ,2.15) Falta de perspectivas de progressão na carreira ,2.16) A sobrecarga ou excesso de trabalho,2.17) Os conflitos interpessoais com outros colegas de trabalho ,2.18) Falta de meios e condições de trabalho  ,2.19) Salário inadequado/insuficiente ,2.20) A falta de apoio e ajuda por parte dos meus superiores,"2.21) Nível de exigência das pessoas a quem presto os meus serviços (ex: clientes, cidadãos, etc.)  ",2.22) Comportamentos incorretos e/ou inadequados de colegas de trabalho,2.23) Falta de tempo para estar com a família/amigos ,2.24) O favoritismo e/ou discriminação “encobertos” no meu local de trabalho por parte dos meus superiores,Com que frequência você consegue passar tempo de qualidade com familiares e amigos?,"Com que frequência você tem acesso a atividades de lazer, como leitura, assistir filmes ou ir à praia?",Com que frequência você consegue praticar exercícios físicos?,Com que frequência você consegue ir ao médico para check-ups ou cuidar da sua saúde?,Com que frequência você consegue dedicar tempo aos estudos?,Com que frequência você consegue realizar as atividades domésticas necessárias?,Com que frequência você consegue descansar o suficiente no seu cotidiano?,Pontuação
4/8/2025 16:37:35,Aceito,18 a 25,Pardo(a),Homem cis,Homossexual,Superior incompleto,Menos de 1 ano,Alimentação,20 a 25 horas semanais,Não,Não,Própria,0 a 5 km,Moderado stress (2),Moderado stress (2),Bastante stress (3),Pouco stress (1),Nenhum stress (0),Nenhum stress (0),Pouco stress (1),Pouco stress (1),Bastante stress (3),Pouco stress (1),Moderado stress (2),Pouco stress (1),Nenhum stress (0),Nenhum stress (0),Pouco stress (1),Moderado stress (2),Moderado stress (2),Nenhum stress (0),Nenhum stress (0),Pouco stress (1),Pouco stress (1),Bastante stress (3),Nenhum stress (0),Pouco stress (1),Bastante stress (3),(4) Frequentemente,(3) Moderadamente,(3) Moderadamente,(3) Moderadamente,(3) Moderadamente,(2) Razoavelmente,(2) Razoavelmente,
4/8/2025 16:41:15,Aceito,18 a 25,Branco(a),Mulher cis,Heterossexual,Superior cursando,Menos de 1 ano,Comércio,40 a 44 horas semanais,Não,Não,Alugada,0 a 5 km,Moderado stress (2),Bastante stress (3),Bastante stress (3),Elevado stress (4),Pouco stress (1),Bastante stress (3),Bastante stress (3),Pouco stress (1),Moderado stress (2),Nenhum stress (0),Moderado stress (2),Bastante stress (3),Nenhum stress (0),Bastante stress (3),Elevado stress (4),Elevado stress (4),Elevado stress (4),Moderado stress (2),Pouco stress (1),Moderado stress (2),Nenhum stress (0),Bastante stress (3),Moderado stress (2),Elevado stress (4),Bastante stress (3),(2) Razoavelmente,(2) Razoavelmente,(1) Raramente,(1) Raramente,(2) Razoavelmente,(2) Razoavelmente,(1) Raramente,
4/8/2025 17:21:14,Aceito,30 a 40,Pardo(a),Mulher cis,Heterossexual,Superior cursando,5 a 10 anos,Comércio,44 horas ou mais,Não,Sim,Própria,15 a 20 km,Bastante stress (3),Moderado stress (2),Moderado stress (2),Bastante stress (3),Pouco stress (1),Bastante stress (3),Elevado stress (4),Pouco stress (1),Moderado stress (2),Moderado stress (2),Pouco stress (1),Bastante stress (3),Moderado stress (2),Moderado stress (2),Bastante stress (3),Elevado stress (4),Bastante stress (3),Nenhum stress (0),Pouco stress (1),Moderado stress (2),Moderado stress (2),Bastante stress (3),Nenhum stress (0),Elevado stress (4),Moderado stress (2),(1) Raramente,(1) Raramente,(0) Nunca,(1) Raramente,(2) Razoavelmente,(2) Razoavelmente,(1) Raramente,
4/8/2025 17:22:56,Aceito,25 a 30,Branco(a),Mulher cis,Bissexual,Superior cursando,1 a 2 anos,Comércio,25 a 30 horas semanais,Não,Não,Alugada,5 a 10 km,Moderado stress (2),Bastante stress (3),Pouco stress (1),Bastante stress (3),Pouco stress (1),Elevado stress (4),Bastante stress (3),Moderado stress (2),Pouco stress (1),Pouco stress (1),Moderado stress (2),Elevado stress (4),Pouco stress (1),Moderado stress (2),Elevado stress (4),Moderado stress (2),Moderado stress (2),Pouco stress (1),Moderado stress (2),Moderado stress (2),Pouco stress (1),Moderado stress (2),Pouco stress (1),Elevado stress (4),Moderado stress (2),(1) Raramente,(2) Razoavelmente,(0) Nunca,(1) Raramente,(2) Razoavelmente,(2) Razoavelmente,(1) Raramente,
4/8/2025 17:24:43,Aceito,25 a 30,Preto(a),Mulher cis,Heterossexual,Médio completo,5 a 10 anos,Comércio,35 a 40 horas semanais,Não,Sim,Própria,10 a 15 km,Moderado stress (2),Pouco stress (1),Bastante stress (3),Pouco stress (1),Pouco stress (1),Pouco stress (1),Pouco stress (1),Pouco stress (1),Moderado stress (2),Moderado stress (2),Pouco stress (1),Pouco stress (1),Pouco stress (1),Elevado stress (4),Pouco stress (1),Bastante stress (3),Pouco stress (1),Pouco stress (1),Pouco stress (1),Moderado stress (2),Moderado stress (2),Moderado stress (2),Pouco stress (1),Pouco stress (1),Pouco stress (1),(1) Raramente,(4) Frequentemente,(3) Moderadamente,(1) Raramente,(4) Frequentemente,(4) Frequentemente,(4) Frequentemente,
4/8/2025 17:25:42,Aceito,25 a 30,Preto(a),Homem cis,Heterossexual,Médio completo,1 a 2 anos,Comércio,44 horas ou mais,Não,Sim,Alugada,20 km ou mais,Elevado stress (4),Moderado stress (2),Bastante stress (3),Elevado stress (4),Bastante stress (3),Elevado stress (4),Elevado stress (4),Elevado stress (4),Moderado stress (2),Pouco stress (1),Moderado stress (2),Bastante stress (3),Bastante stress (3),Bastante stress (3),Elevado stress (4),Bastante stress (3),Bastante stress (3),Bastante stress (3),Elevado stress (4),Elevado stress (4),Elevado stress (4),Elevado stress (4),Bastante stress (3),Elevado stress (4),Elevado stress (4),(3) Moderadamente,(1) Raramente,(1) Raramente,(1) Raramente,(0) Nunca,(1) Raramente,(0) Nunca,
4/8/2025 18:06:32,Aceito,25 a 30,Pardo(a),Mulher cis,Heterossexual,Superior cursando,1 a 2 anos,Comércio,44 horas ou mais,Não,Não,Própria,0 a 5 km,Elevado stress (4),Elevado stress (4),Moderado stress (2),Elevado stress (4),Moderado stress (2),Elevado stress (4),Elevado stress (4),Elevado stress (4),Elevado stress (4),Moderado stress (2),Elevado stress (4),Elevado stress (4),Elevado stress (4),Elevado stress (4),Elevado stress (4),Elevado stress (4),Elevado stress (4),Elevado stress (4),Elevado stress (4),Elevado stress (4),Elevado stress (4),Elevado stress (4),Bastante stress (3),Elevado stress (4),Bastante stress (3),(1) Raramente,(2) Razoavelmente,(4) Frequentemente,(1) Raramente,(4) Frequentemente,(2) Razoavelmente,(1) Raramente,
4/8/2025 18:17:49,Aceito,30 a 40,Pardo(a),Mulher cis,Heterossexual,Superior cursando,10 a 15 anos,Comércio,40 a 44 horas semanais,Não,Sim,Própria,15 a 20 km,Pouco stress (1),Moderado stress (2),Moderado stress (2),Bastante stress (3),,Nenhum stress (0),Nenhum stress (0),,Pouco stress (1),,Pouco stress (1),Pouco stress (1),,Nenhum stress (0),Moderado stress (2),Moderado stress (2),Pouco stress (1),Nenhum stress (0),Pouco stress (1),Bastante stress (3),Pouco stress (1),Nenhum stress (0),Nenhum stress (0),Moderado stress (2),Bastante stress (3),(2) Razoavelmente,(2) Razoavelmente,(1) Raramente,(1) Raramente,(3) Moderadamente,(4) Frequentemente,(2) Razoavelmente,
4/8/2025 19:10:49,Aceito,25 a 30,Branco(a),Mulher cis,Heterossexual,Superior incompleto,5 a 10 anos,Comércio,44 horas ou mais,Não,Sim,Própria,10 a 15 km,Bastante stress (3),Elevado stress (4),Bastante stress (3),Bastante stress (3),Bastante stress (3),Elevado stress (4),Elevado stress (4),Bastante stress (3),Bastante stress (3),Elevado stress (4),Elevado stress (4),Elevado stress (4),Moderado stress (2),Bastante stress (3),Bastante stress (3),Elevado stress (4),Elevado stress (4),Moderado stress (2),Bastante stress (3),Elevado stress (4),Bastante stress (3),Bastante stress (3),Bastante stress (3),Elevado stress (4),Moderado stress (2),(1) Raramente,(1) Raramente,(1) Raramente,(0) Nunca,(1) Raramente,(4) Frequentemente,(1) Raramente,
4/8/2025 20:22:55,Aceito,40 ou mais,Pardo(a),Mulher cis,Heterossexual,Fundamental completo,15 anos ou mais,Comércio,40 a 44 horas semanais,Não,Sim,Própria,20 km ou mais,Bastante stress (3),Elevado stress (4),Bastante stress (3),Elevado stress (4),Moderado stress (2),Elevado stress (4),Elevado stress (4),Elevado stress (4),Elevado stress (4),Elevado stress (4),Elevado stress (4),Elevado stress (4),Bastante stress (3),Elevado stress (4),Elevado stress (4),Elevado stress (4),Elevado stress (4),Moderado stress (2),Elevado stress (4),Elevado stress (4),Elevado stress (4),Elevado stress (4),Bastante stress (3),Elevado stress (4),Elevado stress (4),(1) Raramente,(1) Raramente,(0) Nunca,(0) Nunca,(0) Nunca,(2) Razoavelmente,(1) Raramente,
4/8/2025 20:49:46,Aceito,40 ou mais,Branco(a),Homem cis,Heterossexual,Pós-graduação,15 anos ou mais,Comércio,20 a 25 horas semanais,Sim,Não,Própria,5 a 10 km,Pouco stress (1),Pouco stress (1),Pouco stress (1),Pouco stress (1),Pouco stress (1),Moderado stress (2),Moderado stress (2),Pouco stress (1),Pouco stress (1),Pouco stress (1),Moderado stress (2),Moderado stress (2),Pouco stress (1),Pouco stress (1),Moderado stress (2),Moderado stress (2),Pouco stress (1),Pouco stress (1),Moderado stress (2),Moderado stress (2),Moderado stress (2),Pouco stress (1),Pouco stress (1),Moderado stress (2),Moderado stress (2),(2) Razoavelmente,(2) Razoavelmente,(1) Raramente,(1) Raramente,(2) Razoavelmente,(1) Raramente,(2) Razoavelmente,
4/8/2025 21:09:11,Aceito,18 a 25,Pardo(a),Homem cis,Heterossexual,Superior incompleto,1 a 2 anos,Comércio,44 horas ou mais,Não,Não,Própria,10 a 15 km,Elevado stress (4),Moderado stress (2),Moderado stress (2),Elevado stress (4),Elevado stress (4),Elevado stress (4),Moderado stress (2),Pouco stress (1),Moderado stress (2),Pouco stress (1),Moderado stress (2),Bastante stress (3),Elevado stress (4),Moderado stress (2),Elevado stress (4),Moderado stress (2),Elevado stress (4),Elevado stress (4),Pouco stress (1),Moderado stress (2),Moderado stress (2),Bastante stress (3),Elevado stress (4),Elevado stress (4),Elevado stress (4),(1) Raramente,(1) Raramente,(1) Raramente,(1) Raramente,(2) Razoavelmente,(1) Raramente,(1) Raramente,
4/8/2025 22:20:53,Aceito,18 a 25,Branco(a),Homem cis,Homossexual,Médio completo,1 a 2 anos,Alimentação,44 horas ou mais,Não,Não,Própria,5 a 10 km,Bastante stress (3),Moderado stress (2),Moderado stress (2),Bastante stress (3),,Moderado stress (2),Moderado stress (2),Moderado stress (2),Moderado stress (2),Moderado stress (2),Moderado stress (2),Moderado stress (2),Moderado stress (2),Moderado stress (2),Moderado stress (2),Moderado stress (2),Bastante stress (3),Moderado stress (2),Bastante stress (3),Bastante stress (3),Moderado stress (2),Pouco stress (1),Pouco stress (1),Pouco stress (1),Pouco stress (1),(1) Raramente,(2) Razoavelmente,(2) Razoavelmente,(1) Raramente,(1) Raramente,(1) Raramente,(1) Raramente,
4/9/2025 11:56:09,Aceito,18 a 25,Branco(a),Mulher cis,Bissexual,Superior cursando,1 a 2 anos,Comércio,40 a 44 horas semanais,Não,Sim,Própria,0 a 5 km,Elevado stress (4),Nenhum stress (0),Bastante stress (3),Elevado stress (4),Nenhum stress (0),Bastante stress (3),Bastante stress (3),Pouco stress (1),Elevado stress (4),Moderado stress (2),Elevado stress (4),Elevado stress (4),Elevado stress (4),Elevado stress (4),Elevado stress (4),Nenhum stress (0),Bastante stress (3),Nenhum stress (0),Nenhum stress (0),Moderado stress (2),Elevado stress (4),Elevado stress (4),Nenhum stress (0),Elevado stress (4),Elevado stress (4),(1) Raramente,(1) Raramente,(0) Nunca,(1) Raramente,(4) Frequentemente,(1) Raramente,(0) Nunca,
4/9/2025 12:12:25,Aceito,25 a 30,Branco(a),Homem cis,Homossexual,Superior incompleto,5 a 10 anos,Comércio,44 horas ou mais,Não,Não,Alugada,5 a 10 km,Bastante stress (3),Bastante stress (3),Elevado stress (4),Elevado stress (4),Bastante stress (3),Elevado stress (4),Elevado stress (4),Bastante stress (3),Elevado stress (4),Elevado stress (4),Elevado stress (4),Elevado stress (4),Elevado stress (4),Bastante stress (3),Elevado stress (4),Elevado stress (4),Elevado stress (4),Bastante stress (3),Bastante stress (3),Elevado stress (4),Elevado stress (4),Bastante stress (3),Bastante stress (3),Elevado stress (4),Elevado stress (4),(1) Raramente,(1) Raramente,(3) Moderadamente,(1) Raramente,(1) Raramente,(1) Raramente,(0) Nunca,
4/9/2025 12:31:06,Aceito,18 a 25,Branco(a),Mulher cis,Bissexual,Superior incompleto,Menos de 1 ano,Comércio,20 a 25 horas semanais,Não,Não,Alugada,0 a 5 km,Moderado stress (2),Pouco stress (1),Bastante stress (3),Nenhum stress (0),Pouco stress (1),Pouco stress (1),Pouco stress (1),Pouco stress (1),Bastante stress (3),Nenhum stress (0),Nenhum stress (0),Pouco stress (1),Nenhum stress (0),Pouco stress (1),Nenhum stress (0),Nenhum stress (0),Pouco stress (1),Pouco stress (1),Nenhum stress (0),Pouco stress (1),Pouco stress (1),Bastante stress (3),Moderado stress (2),Nenhum stress (0),Pouco stress (1),(4) Frequentemente,(3) Moderadamente,(4) Frequentemente,(1) Raramente,(4) Frequentemente,(3) Moderadamente,(3) Moderadamente,
4/9/2025 12:40:11,Aceito,18 a 25,Branco(a),Mulher cis,Bissexual,Superior cursando,3 a 5 anos,Comércio,20 a 25 horas semanais,Sim,Sim,Própria,5 a 10 km,Elevado stress (4),Moderado stress (2),Elevado stress (4),Nenhum stress (0),Bastante stress (3),Moderado stress (2),Nenhum stress (0),Nenhum stress (0),Pouco stress (1),Pouco stress (1),Pouco stress (1),Nenhum stress (0),Moderado stress (2),Nenhum stress (0),Nenhum stress (0),Moderado stress (2),Pouco stress (1),Moderado stress (2),Nenhum stress (0),Nenhum stress (0),Pouco stress (1),Pouco stress (1),Elevado stress (4),Nenhum stress (0),Elevado stress (4),(4) Frequentemente,(4) Frequentemente,(4) Frequentemente,(4) Frequentemente,(3) Moderadamente,(4) Frequentemente,(2) Razoavelmente,
4/9/2025 14:11:19,Aceito,18 a 25,Branco(a),Mulher cis,Bissexual,Superior cursando,3 a 5 anos,Comércio,20 a 25 horas semanais,Não,Não,Alugada,0 a 5 km,Moderado stress (2),Moderado stress (2),Bastante stress (3),Pouco stress (1),Moderado stress (2),Pouco stress (1),Elevado stress (4),Moderado stress (2),Moderado stress (2),Pouco stress (1),Pouco stress (1),Pouco stress (1),Pouco stress (1),Moderado stress (2),Pouco stress (1),Moderado stress (2),Pouco stress (1),Moderado stress (2),Pouco stress (1),Moderado stress (2),Moderado stress (2),Moderado stress (2),Bastante stress (3),Pouco stress (1),Elevado stress (4),(1) Raramente,(1) Raramente,(1) Raramente,(1) Raramente,(1) Raramente,(1) Raramente,(1) Raramente,
4/9/2025 20:14:50,Aceito,18 a 25,Branco(a),Homem cis,Bissexual,Superior cursando,Menos de 1 ano,Comércio,44 horas ou mais,Não,Não,Própria,0 a 5 km,Moderado stress (2),Moderado stress (2),Moderado stress (2),Bastante stress (3),Bastante stress (3),Elevado stress (4),Elevado stress (4),Bastante stress (3),Moderado stress (2),Bastante stress (3),Bastante stress (3),Elevado stress (4),Elevado stress (4),Pouco stress (1),Bastante stress (3),Moderado stress (2),Bastante stress (3),Bastante stress (3),Elevado stress (4),Bastante stress (3),Elevado stress (4),Moderado stress (2),Moderado stress (2),Elevado stress (4),Bastante stress (3),(1) Raramente,(1) Raramente,(1) Raramente,(1) Raramente,(1) Raramente,(2) Razoavelmente,(1) Raramente,
4/10/2025 7:22:27,Aceito,18 a 25,Pardo(a),Mulher cis,Heterossexual,Superior cursando,1 a 2 anos,Alimentação,30 a 35 horas semanais,Não,Não,Alugada,5 a 10 km,Moderado stress (2),Bastante stress (3),Moderado stress (2),Moderado stress (2),Pouco stress (1),Moderado stress (2),Elevado stress (4),Moderado stress (2),Bastante stress (3),Nenhum stress (0),Moderado stress (2),Moderado stress (2),Pouco stress (1),Nenhum stress (0),Pouco stress (1),Bastante stress (3),Bastante stress (3),Nenhum stress (0),Moderado stress (2),Elevado stress (4),Elevado stress (4),Moderado stress (2),Moderado stress (2),Pouco stress (1),Nenhum stress (0),(3) Moderadamente,(2) Razoavelmente,(4) Frequentemente,(0) Nunca,(2) Razoavelmente,(1) Raramente,(3) Moderadamente,
4/10/2025 15:53:10,Aceito,30 a 40,Pardo(a),Homem cis,Heterossexual,Médio completo,Menos de 1 ano,Alimentação,44 horas ou mais,Sim,Não,Alugada,15 a 20 km,Bastante stress (3),Moderado stress (2),Pouco stress (1),Bastante stress (3),Bastante stress (3),Bastante stress (3),Pouco stress (1),Bastante stress (3),Moderado stress (2),Elevado stress (4),Bastante stress (3),Moderado stress (2),Bastante stress (3),Pouco stress (1),Elevado stress (4),Bastante stress (3),Moderado stress (2),Moderado stress (2),Elevado stress (4),Bastante stress (3),Bastante stress (3),Pouco stress (1),Bastante stress (3),Elevado stress (4),Pouco stress (1),(0) Nunca,(1) Raramente,(1) Raramente,(0) Nunca,(1) Raramente,(1) Raramente,(1) Raramente,
4/10/2025 22:02:11,Aceito,30 a 40,Branco(a),Mulher cis,Heterossexual,Pós-graduação,5 a 10 anos,Comércio,35 a 40 horas semanais,Não,Sim,Própria,15 a 20 km,Moderado stress (2),Nenhum stress (0),Moderado stress (2),Moderado stress (2),Pouco stress (1),Bastante stress (3),Moderado stress (2),Nenhum stress (0),Pouco stress (1),Nenhum stress (0),Moderado stress (2),Bastante stress (3),Moderado stress (2),Moderado stress (2),Moderado stress (2),Nenhum stress (0),Bastante stress (3),Moderado stress (2),Nenhum stress (0),Moderado stress (2),Pouco stress (1),Moderado stress (2),Bastante stress (3),Moderado stress (2),Nenhum stress (0),(2) Razoavelmente,(2) Razoavelmente,(4) Frequentemente,(3) Moderadamente,(2) Razoavelmente,(2) Razoavelmente,(1) Raramente,
4/14/2025 15:23:00,Aceito,30 a 40,Pardo(a),Mulher cis,Heterossexual,Superior completo,15 anos ou mais,Comércio,44 horas ou mais,Não,Sim,Própria,20 km ou mais,Moderado stress (2),Moderado stress (2),Bastante stress (3),Bastante stress (3),Bastante stress (3),Elevado stress (4),Bastante stress (3),Moderado stress (2),Moderado stress (2),Moderado stress (2),Pouco stress (1),Bastante stress (3),Pouco stress (1),Pouco stress (1),Bastante stress (3),Moderado stress (2),Bastante stress (3),Elevado stress (4),Pouco stress (1),Bastante stress (3),Pouco stress (1),Moderado stress (2),Bastante stress (3),Bastante stress (3),Pouco stress (1),(1) Raramente,(1) Raramente,(3) Moderadamente,(2) Razoavelmente,(2) Razoavelmente,(1) Raramente,(1) Raramente,
4/14/2025 15:45:17,Aceito,18 a 25,Branco(a),Homem cis,Heterossexual,Superior cursando,Menos de 1 ano,Administrativo,25 a 30 horas semanais,Não,Não,Alugada,5 a 10 km,Moderado stress (2),Bastante stress (3),Bastante stress (3),Elevado stress (4),Moderado stress (2),Bastante stress (3),Bastante stress (3),Bastante stress (3),Elevado stress (4),Elevado stress (4),Elevado stress (4),Elevado stress (4),Bastante stress (3),Moderado stress (2),Elevado stress (4),Elevado stress (4),Elevado stress (4),Moderado stress (2),Elevado stress (4),Elevado stress (4),Elevado stress (4),Bastante stress (3),Bastante stress (3),Elevado stress (4),Elevado stress (4),(3) Moderadamente,(3) Moderadamente,(3) Moderadamente,(3) Moderadamente,(3) Moderadamente,(3) Moderadamente,(3) Moderadamente,
4/14/2025 15:57:46,Aceito,25 a 30,Branco(a),Homem cis,Bissexual,Superior cursando,1 a 2 anos,Comércio,35 a 40 horas semanais,Não,Não,Própria,10 a 15 km,Moderado stress (2),Moderado stress (2),Moderado stress (2),Moderado stress (2),Moderado stress (2),Bastante stress (3),Bastante stress (3),Pouco stress (1),Bastante stress (3),Nenhum stress (0),Moderado stress (2),Bastante stress (3),Pouco stress (1),Moderado stress (2),Moderado stress (2),Moderado stress (2),Moderado stress (2),Nenhum stress (0),Pouco stress (1),Bastante stress (3),Pouco stress (1),Moderado stress (2),Pouco stress (1),Pouco stress (1),Pouco stress (1),(2) Razoavelmente,(2) Razoavelmente,(2) Razoavelmente,(1) Raramente,(3) Moderadamente,(2) Razoavelmente,(2) Razoavelmente,0
4/14/2025 16:00:57,Aceito,18 a 25,Preto(a),Mulher cis,Heterossexual,Médio completo,3 a 5 anos,Alimentação,35 a 40 horas semanais,Não,Sim,Própria,10 a 15 km,Bastante stress (3),Bastante stress (3),Elevado stress (4),Elevado stress (4),Moderado stress (2),Moderado stress (2),Bastante stress (3),Bastante stress (3),Bastante stress (3),Moderado stress (2),Bastante stress (3),Bastante stress (3),Moderado stress (2),Bastante stress (3),Elevado stress (4),Bastante stress (3),Elevado stress (4),Moderado stress (2),Moderado stress (2),Elevado stress (4),Moderado stress (2),Elevado stress (4),Moderado stress (2),Elevado stress (4),Moderado stress (2),(1) Raramente,(1) Raramente,(1) Raramente,(1) Raramente,(0) Nunca,(2) Razoavelmente,(1) Raramente,0
4/14/2025 16:18:50,Aceito,30 a 40,Pardo(a),Mulher cis,Heterossexual,Superior completo,3 a 5 anos,Comércio,44 horas ou mais,Não,Não,Alugada,15 a 20 km,Moderado stress (2),Bastante stress (3),Bastante stress (3),Bastante stress (3),Moderado stress (2),Moderado stress (2),Moderado stress (2),Moderado stress (2),Moderado stress (2),Moderado stress (2),Moderado stress (2),Moderado stress (2),Moderado stress (2),Moderado stress (2),Pouco stress (1),Moderado stress (2),Moderado stress (2),Moderado stress (2),Moderado stress (2),Moderado stress (2),Moderado stress (2),Moderado stress (2),Moderado stress (2),Moderado stress (2),Moderado stress (2),(1) Raramente,(1) Raramente,(3) Moderadamente,(1) Raramente,(2) Razoavelmente,(1) Raramente,(1) Raramente,0
4/14/2025 17:43:59,Aceito,18 a 25,Pardo(a),Prefiro não responder,Bissexual,Superior incompleto,Menos de 1 ano,Comércio,40 a 44 horas semanais,Não,Sim,Própria,20 km ou mais,Moderado stress (2),Pouco stress (1),Pouco stress (1),Pouco stress (1),Nenhum stress (0),Moderado stress (2),Moderado stress (2),Moderado stress (2),Nenhum stress (0),Nenhum stress (0),Pouco stress (1),Pouco stress (1),Nenhum stress (0),Nenhum stress (0),Pouco stress (1),Pouco stress (1),Moderado stress (2),Nenhum stress (0),Pouco stress (1),Moderado stress (2),Nenhum stress (0),Pouco stress (1),Pouco stress (1),Pouco stress (1),Pouco stress (1),(2) Razoavelmente,(3) Moderadamente,(4) Frequentemente,(2) Razoavelmente,(2) Razoavelmente,(2) Razoavelmente,(2) Razoavelmente,0
4/14/2025 17:52:32,Aceito,25 a 30,Branco(a),Homem cis,Homossexual,Superior cursando,Menos de 1 ano,Comércio,40 a 44 horas semanais,Não,Não,Própria,10 a 15 km,Bastante stress (3),Pouco stress (1),Bastante stress (3),Bastante stress (3),Pouco stress (1),Bastante stress (3),Moderado stress (2),Moderado stress (2),Bastante stress (3),Moderado stress (2),Moderado stress (2),Bastante stress (3),Moderado stress (2),Moderado stress (2),Bastante stress (3),Pouco stress (1),Bastante stress (3),Pouco stress (1),Moderado stress (2),Bastante stress (3),Moderado stress (2),Moderado stress (2),Pouco stress (1),Bastante stress (3),Moderado stress (2),(1) Raramente,(1) Raramente,(1) Raramente,(2) Razoavelmente,(1) Raramente,(1) Raramente,(1) Raramente,0
4/14/2025 18:00:06,Aceito,25 a 30,Branco(a),Homem cis,Heterossexual,Superior incompleto,3 a 5 anos,Alimentação,44 horas ou mais,Sim,Sim,Própria,5 a 10 km,Elevado stress (4),Elevado stress (4),Elevado stress (4),Elevado stress (4),Elevado stress (4),Elevado stress (4),Elevado stress (4),Elevado stress (4),Elevado stress (4),Elevado stress (4),Elevado stress (4),Elevado stress (4),Elevado stress (4),Elevado stress (4),Elevado stress (4),Elevado stress (4),Elevado stress (4),Elevado stress (4),Elevado stress (4),Elevado stress (4),Elevado stress (4),Elevado stress (4),Elevado stress (4),Elevado stress (4),Elevado stress (4),(1) Raramente,(1) Raramente,(4) Frequentemente,(0) Nunca,(1) Raramente,(0) Nunca,(0) Nunca,0
4/14/2025 18:00:43,Aceito,18 a 25,Pardo(a),Mulher cis,Heterossexual,Médio completo,1 a 2 anos,Comércio,40 a 44 horas semanais,Não,Sim,Alugada,5 a 10 km,Bastante stress (3),Moderado stress (2),Bastante stress (3),Moderado stress (2),Nenhum stress (0),Bastante stress (3),Moderado stress (2),Elevado stress (4),Nenhum stress (0),Nenhum stress (0),Nenhum stress (0),Nenhum stress (0),Nenhum stress (0),Nenhum stress (0),Nenhum stress (0),Nenhum stress (0),Nenhum stress (0),Nenhum stress (0),Nenhum stress (0),Elevado stress (4),Nenhum stress (0),Nenhum stress (0),Nenhum stress (0),Moderado stress (2),Nenhum stress (0),(2) Razoavelmente,(2) Razoavelmente,(3) Moderadamente,(3) Moderadamente,(3) Moderadamente,(4) Frequentemente,(4) Frequentemente,0
4/14/2025 18:01:08,Aceito,25 a 30,Branco(a),Mulher cis,Heterossexual,Médio completo,5 a 10 anos,Comércio,44 horas ou mais,Não,Sim,Alugada,20 km ou mais,Bastante stress (3),Moderado stress (2),Moderado stress (2),Moderado stress (2),Pouco stress (1),Moderado stress (2),Moderado stress (2),Nenhum stress (0),Nenhum stress (0),Nenhum stress (0),Nenhum stress (0),Pouco stress (1),Nenhum stress (0),Nenhum stress (0),Pouco stress (1),Pouco stress (1),Pouco stress (1),Nenhum stress (0),Nenhum stress (0),Nenhum stress (0),Nenhum stress (0),Nenhum stress (0),Nenhum stress (0),Nenhum stress (0),Nenhum stress (0),(3) Moderadamente,(3) Moderadamente,(0) Nunca,(3) Moderadamente,(3) Moderadamente,(3) Moderadamente,(3) Moderadamente,0
4/14/2025 18:16:20,Aceito,18 a 25,Pardo(a),Mulher cis,Heterossexual,Superior cursando,Menos de 1 ano,Alimentação,44 horas ou mais,Não,Não,Alugada,10 a 15 km,Elevado stress (4),Elevado stress (4),Elevado stress (4),Elevado stress (4),Pouco stress (1),Elevado stress (4),Moderado stress (2),Moderado stress (2),Elevado stress (4),Elevado stress (4),Elevado stress (4),Elevado stress (4),Pouco stress (1),Elevado stress (4),Elevado stress (4),Elevado stress (4),Elevado stress (4),Nenhum stress (0),Moderado stress (2),Elevado stress (4),Elevado stress (4),Elevado stress (4),Moderado stress (2),Elevado stress (4),Elevado stress (4),(0) Nunca,(0) Nunca,(1) Raramente,(0) Nunca,(1) Raramente,(0) Nunca,(0) Nunca,0
4/14/2025 18:17:30,Aceito,18 a 25,Preto(a),Mulher cis,Heterossexual,Fundamental completo,Menos de 1 ano,Comércio,40 a 44 horas semanais,Não,Sim,Própria,10 a 15 km,Bastante stress (3),Pouco stress (1),Moderado stress (2),Bastante stress (3),Moderado stress (2),Bastante stress (3),Moderado stress (2),Moderado stress (2),Moderado stress (2),Pouco stress (1),Bastante stress (3),Bastante stress (3),Moderado stress (2),Pouco stress (1),Elevado stress (4),Bastante stress (3),Moderado stress (2),Moderado stress (2),Pouco stress (1),Moderado stress (2),Pouco stress (1),Pouco stress (1),,Elevado stress (4),Nenhum stress (0),(1) Raramente,(1) Raramente,(0) Nunca,(0) Nunca,(0) Nunca,(2) Razoavelmente,(1) Raramente,0
4/14/2025 18:22:02,Aceito,18 a 25,Pardo(a),Mulher cis,Heterossexual,Superior cursando,Menos de 1 ano,Comércio,44 horas ou mais,Não,Não,Alugada,10 a 15 km,Moderado stress (2),Elevado stress (4),Moderado stress (2),Elevado stress (4),Pouco stress (1),Elevado stress (4),Elevado stress (4),Moderado stress (2),Moderado stress (2),Pouco stress (1),Nenhum stress (0),Moderado stress (2),Moderado stress (2),Nenhum stress (0),Elevado stress (4),Elevado stress (4),Elevado stress (4),Pouco stress (1),Moderado stress (2),Elevado stress (4),Moderado stress (2),Pouco stress (1),Elevado stress (4),Elevado stress (4),Nenhum stress (0),(2) Razoavelmente,(1) Raramente,(0) Nunca,(1) Raramente,(1) Raramente,(1) Raramente,(0) Nunca,0
4/14/2025 18:31:20,Aceito,18 a 25,Preto(a),Mulher cis,Heterossexual,Médio completo,3 a 5 anos,Comércio,40 a 44 horas semanais,Não,Não,Alugada,15 a 20 km,Moderado stress (2),Moderado stress (2),Bastante stress (3),Elevado stress (4),Nenhum stress (0),Bastante stress (3),Elevado stress (4),Moderado stress (2),Elevado stress (4),Nenhum stress (0),Moderado stress (2),Elevado stress (4),Pouco stress (1),Nenhum stress (0),Elevado stress (4),Moderado stress (2),Elevado stress (4),Nenhum stress (0),Nenhum stress (0),Bastante stress (3),Pouco stress (1),Moderado stress (2),Nenhum stress (0),Elevado stress (4),Pouco stress (1),(1) Raramente,(1) Raramente,(1) Raramente,(1) Raramente,(0) Nunca,(2) Razoavelmente,(1) Raramente,0
4/14/2025 18:34:32,Aceito,18 a 25,Pardo(a),Mulher cis,Heterossexual,Superior completo,Menos de 1 ano,Comércio,40 a 44 horas semanais,Não,Não,Própria,10 a 15 km,Bastante stress (3),,Bastante stress (3),Pouco stress (1),Pouco stress (1),Moderado stress (2),Elevado stress (4),Bastante stress (3),Bastante stress (3),Moderado stress (2),Bastante stress (3),Moderado stress (2),Elevado stress (4),Nenhum stress (0),Nenhum stress (0),Pouco stress (1),Moderado stress (2),Moderado stress (2),Moderado stress (2),Bastante stress (3),Bastante stress (3),Bastante stress (3),Pouco stress (1),Pouco stress (1),Pouco stress (1),(2) Razoavelmente,(4) Frequentemente,(2) Razoavelmente,(1) Raramente,(2) Razoavelmente,(1) Raramente,(2) Razoavelmente,0
4/14/2025 18:34:33,Aceito,30 a 40,Pardo(a),Homem cis,Homossexual,Superior completo,3 a 5 anos,Comércio,44 horas ou mais,Não,Não,Alugada,0 a 5 km,Elevado stress (4),Bastante stress (3),Moderado stress (2),Elevado stress (4),Pouco stress (1),Bastante stress (3),Elevado stress (4),Bastante stress (3),Moderado stress (2),Moderado stress (2),Moderado stress (2),Elevado stress (4),Pouco stress (1),Moderado stress (2),Elevado stress (4),Bastante stress (3),Elevado stress (4),Pouco stress (1),Moderado stress (2),Elevado stress (4),Pouco stress (1),Elevado stress (4),Pouco stress (1),Elevado stress (4),Nenhum stress (0),(1) Raramente,(1) Raramente,(2) Razoavelmente,(1) Raramente,(0) Nunca,(2) Razoavelmente,(2) Razoavelmente,0
4/14/2025 18:36:08,Aceito,18 a 25,Pardo(a),Mulher cis,Bissexual,Médio completo,Menos de 1 ano,Comércio,40 a 44 horas semanais,Não,Não,Alugada,10 a 15 km,Bastante stress (3),Bastante stress (3),Bastante stress (3),Bastante stress (3),Nenhum stress (0),Bastante stress (3),Bastante stress (3),Moderado stress (2),Bastante stress (3),Elevado stress (4),Bastante stress (3),Bastante stress (3),Elevado stress (4),Pouco stress (1),Bastante stress (3),Bastante stress (3),Bastante stress (3),Nenhum stress (0),Moderado stress (2),Bastante stress (3),Elevado stress (4),Elevado stress (4),Pouco stress (1),Moderado stress (2),Nenhum stress (0),(1) Raramente,(1) Raramente,(2) Razoavelmente,(1) Raramente,(1) Raramente,(1) Raramente,(1) Raramente,0
4/14/2025 18:41:20,Aceito,25 a 30,Pardo(a),Mulher cis,Heterossexual,Médio completo,5 a 10 anos,Comércio,44 horas ou mais,Não,Sim,Própria,15 a 20 km,Bastante stress (3),Pouco stress (1),Moderado stress (2),Bastante stress (3),Elevado stress (4),Moderado stress (2),Pouco stress (1),Nenhum stress (0),Bastante stress (3),Pouco stress (1),Moderado stress (2),Moderado stress (2),Moderado stress (2),Pouco stress (1),Bastante stress (3),Pouco stress (1),Bastante stress (3),Bastante stress (3),Pouco stress (1),Pouco stress (1),Bastante stress (3),Bastante stress (3),Bastante stress (3),Bastante stress (3),Pouco stress (1),(1) Raramente,(1) Raramente,(2) Razoavelmente,(0) Nunca,(0) Nunca,(1) Raramente,(1) Raramente,0
4/14/2025 19:26:59,Aceito,30 a 40,Branco(a),Mulher cis,Heterossexual,Médio completo,Menos de 1 ano,Comércio,44 horas ou mais,Não,Sim,Alugada,20 km ou mais,Bastante stress (3),Moderado stress (2),Bastante stress (3),Elevado stress (4),Pouco stress (1),Moderado stress (2),Bastante stress (3),Bastante stress (3),Bastante stress (3),Moderado stress (2),Moderado stress (2),Bastante stress (3),Pouco stress (1),Moderado stress (2),Elevado stress (4),Bastante stress (3),Bastante stress (3),Pouco stress (1),Moderado stress (2),Bastante stress (3),Moderado stress (2),Bastante stress (3),Nenhum stress (0),Elevado stress (4),Bastante stress (3),(0) Nunca,(0) Nunca,(0) Nunca,(0) Nunca,(0) Nunca,(1) Raramente,(0) Nunca,0
4/14/2025 20:58:05,Aceito,25 a 30,Pardo(a),Homem cis,Heterossexual,Superior completo,Menos de 1 ano,Comércio,44 horas ou mais,Não,Sim,Alugada,15 a 20 km,Moderado stress (2),Bastante stress (3),Pouco stress (1),Elevado stress (4),Pouco stress (1),Bastante stress (3),Elevado stress (4),Moderado stress (2),Bastante stress (3),Pouco stress (1),Pouco stress (1),Moderado stress (2),Pouco stress (1),Pouco stress (1),Bastante stress (3),Moderado stress (2),Moderado stress (2),Pouco stress (1),Pouco stress (1),Bastante stress (3),Pouco stress (1),Pouco stress (1),Pouco stress (1),Bastante stress (3),Moderado stress (2),(1) Raramente,(1) Raramente,(0) Nunca,(0) Nunca,(3) Moderadamente,(2) Razoavelmente,(2) Razoavelmente,0
4/14/2025 21:56:40,Aceito,30 a 40,Branco(a),Mulher cis,Heterossexual,Superior incompleto,10 a 15 anos,Comércio,40 a 44 horas semanais,Não,Sim,Própria,10 a 15 km,Bastante stress (3),Moderado stress (2),Elevado stress (4),Moderado stress (2),Moderado stress (2),Bastante stress (3),Moderado stress (2),Pouco stress (1),Bastante stress (3),Moderado stress (2),Elevado stress (4),Bastante stress (3),Bastante stress (3),Moderado stress (2),Bastante stress (3),Moderado stress (2),Bastante stress (3),Moderado stress (2),Moderado stress (2),Bastante stress (3),Bastante stress (3),Bastante stress (3),Moderado stress (2),Bastante stress (3),Moderado stress (2),(2) Razoavelmente,(3) Moderadamente,(2) Razoavelmente,(1) Raramente,(0) Nunca,(2) Razoavelmente,(2) Razoavelmente,0
4/14/2025 23:24:07,Aceito,18 a 25,Pardo(a),Homem cis,Heterossexual,Médio completo,Menos de 1 ano,Alimentação,44 horas ou mais,Não,Não,Própria,0 a 5 km,Moderado stress (2),Bastante stress (3),Pouco stress (1),Bastante stress (3),Elevado stress (4),Pouco stress (1),Moderado stress (2),Pouco stress (1),Moderado stress (2),Pouco stress (1),Moderado stress (2),Pouco stress (1),Nenhum stress (0),Nenhum stress (0),Bastante stress (3),Elevado stress (4),Moderado stress (2),Bastante stress (3),Pouco stress (1),Moderado stress (2),Nenhum stress (0),Nenhum stress (0),Bastante stress (3),Bastante stress (3),Moderado stress (2),(2) Razoavelmente,(2) Razoavelmente,(2) Razoavelmente,(0) Nunca,(0) Nunca,(1) Raramente,(1) Raramente,0
4/15/2025 0:05:59,Aceito,40 ou mais,Pardo(a),Mulher cis,Heterossexual,Superior completo,Menos de 1 ano,Comércio,44 horas ou mais,Não,Sim,Alugada,10 a 15 km,Moderado stress (2),,Bastante stress (3),Bastante stress (3),Bastante stress (3),Bastante stress (3),Bastante stress (3),Bastante stress (3),Bastante stress (3),Elevado stress (4),Bastante stress (3),Bastante stress (3),Bastante stress (3),Moderado stress (2),Bastante stress (3),Moderado stress (2),Bastante stress (3),Bastante stress (3),Bastante stress (3),Bastante stress (3),Bastante stress (3),Moderado stress (2),Bastante stress (3),Bastante stress (3),Bastante stress (3),(0) Nunca,(1) Raramente,(3) Moderadamente,(1) Raramente,(1) Raramente,(1) Raramente,(0) Nunca,0
4/15/2025 18:49:43,Aceito,30 a 40,Preto(a),Mulher cis,Heterossexual,Superior cursando,5 a 10 anos,Comércio,44 horas ou mais,Não,Sim,Alugada,10 a 15 km,Elevado stress (4),Bastante stress (3),Elevado stress (4),Elevado stress (4),Elevado stress (4),Bastante stress (3),Bastante stress (3),Elevado stress (4),Elevado stress (4),Moderado stress (2),Elevado stress (4),Elevado stress (4),Elevado stress (4),Elevado stress (4),Elevado stress (4),Elevado stress (4),Elevado stress (4),Elevado stress (4),Elevado stress (4),Elevado stress (4),Elevado stress (4),Elevado stress (4),Elevado stress (4),Elevado stress (4),Elevado stress (4),(1) Raramente,(1) Raramente,(1) Raramente,(0) Nunca,(1) Raramente,(1) Raramente,(0) Nunca,0
4/19/2025 16:54:07,Aceito,18 a 25,Pardo(a),Prefiro não responder,Heterossexual,Médio completo,1 a 2 anos,Serviços gerais,44 horas ou mais,Não,Não,Própria,5 a 10 km,Pouco stress (1),Pouco stress (1),Pouco stress (1),Pouco stress (1),Pouco stress (1),Pouco stress (1),Pouco stress (1),Pouco stress (1),Pouco stress (1),Pouco stress (1),Pouco stress (1),Pouco stress (1),Nenhum stress (0),Nenhum stress (0),Nenhum stress (0),Nenhum stress (0),Nenhum stress (0),Nenhum stress (0),Pouco stress (1),Nenhum stress (0),Nenhum stress (0),Nenhum stress (0),Nenhum stress (0),Nenhum stress (0),Nenhum stress (0),(3) Moderadamente,(4) Frequentemente,(4) Frequentemente,(4) Frequentemente,(4) Frequentemente,(4) Frequentemente,(4) Frequentemente,0
4/19/2025 17:14:00,Aceito,40 ou mais,Pardo(a),Mulher cis,Heterossexual,Superior completo,3 a 5 anos,Comércio,44 horas ou mais,Não,Sim,Alugada,15 a 20 km,Moderado stress (2),Moderado stress (2),Moderado stress (2),Pouco stress (1),Pouco stress (1),Moderado stress (2),Bastante stress (3),Moderado stress (2),Moderado stress (2),Moderado stress (2),Moderado stress (2),Moderado stress (2),Moderado stress (2),Moderado stress (2),Moderado stress (2),Moderado stress (2),Moderado stress (2),Moderado stress (2),Moderado stress (2),Bastante stress (3),Moderado stress (2),Moderado stress (2),Moderado stress (2),Moderado stress (2),Moderado stress (2),(2) Razoavelmente,(2) Razoavelmente,(1) Raramente,(1) Raramente,(1) Raramente,(2) Razoavelmente,(1) Raramente,0
4/19/2025 17:45:36,Aceito,25 a 30,Pardo(a),Mulher cis,Heterossexual,Superior completo,Menos de 1 ano,Comércio,40 a 44 horas semanais,Não,Sim,Alugada,5 a 10 km,Moderado stress (2),Pouco stress (1),Bastante stress (3),Bastante stress (3),Elevado stress (4),Bastante stress (3),Moderado stress (2),Moderado stress (2),Pouco stress (1),Pouco stress (1),Pouco stress (1),Moderado stress (2),Moderado stress (2),Moderado stress (2),Bastante stress (3),Elevado stress (4),Bastante stress (3),Moderado stress (2),,,Moderado stress (2),Moderado stress (2),Moderado stress (2),Elevado stress (4),Moderado stress (2),(1) Raramente,(1) Raramente,(0) Nunca,(0) Nunca,(1) Raramente,(1) Raramente,(2) Razoavelmente,0
4/19/2025 17:51:39,Aceito,30 a 40,Branco(a),Mulher cis,Heterossexual,Médio completo,1 a 2 anos,Comércio,25 a 30 horas semanais,Não,Não,Alugada,5 a 10 km,Bastante stress (3),Moderado stress (2),Moderado stress (2),Moderado stress (2),Moderado stress (2),Pouco stress (1),Moderado stress (2),Moderado stress (2),Moderado stress (2),Bastante stress (3),Pouco stress (1),Moderado stress (2),Pouco stress (1),Nenhum stress (0),Pouco stress (1),Pouco stress (1),Pouco stress (1),Pouco stress (1),Pouco stress (1),Bastante stress (3),Moderado stress (2),Pouco stress (1),Moderado stress (2),Moderado stress (2),Pouco stress (1),(1) Raramente,(1) Raramente,(1) Raramente,(1) Raramente,(1) Raramente,(1) Raramente,(1) Raramente,0
4/19/2025 17:54:25,Aceito,25 a 30,Pardo(a),Mulher cis,Heterossexual,Médio completo,Menos de 1 ano,Comércio,40 a 44 horas semanais,Não,Sim,Alugada,5 a 10 km,Moderado stress (2),Moderado stress (2),Bastante stress (3),Elevado stress (4),Pouco stress (1),Bastante stress (3),Bastante stress (3),Bastante stress (3),Moderado stress (2),Moderado stress (2),Moderado stress (2),Elevado stress (4),Elevado stress (4),Nenhum stress (0),Elevado stress (4),Elevado stress (4),Elevado stress (4),Pouco stress (1),Pouco stress (1),Bastante stress (3),Elevado stress (4),Elevado stress (4),Elevado stress (4),Elevado stress (4),Elevado stress (4),(1) Raramente,(1) Raramente,(1) Raramente,(1) Raramente,(1) Raramente,(1) Raramente,(1) Raramente,0
4/19/2025 18:04:24,Aceito,25 a 30,Pardo(a),Mulher cis,Heterossexual,Médio completo,5 a 10 anos,Comércio,44 horas ou mais,Não,Sim,Alugada,10 a 15 km,Moderado stress (2),Bastante stress (3),Moderado stress (2),Bastante stress (3),Pouco stress (1),Bastante stress (3),Bastante stress (3),Bastante stress (3),Moderado stress (2),Bastante stress (3),Bastante stress (3),Bastante stress (3),Moderado stress (2),Moderado stress (2),Bastante stress (3),Bastante stress (3),Bastante stress (3),Pouco stress (1),Bastante stress (3),Bastante stress (3),Bastante stress (3),Moderado stress (2),Pouco stress (1),Bastante stress (3),Bastante stress (3),(1) Raramente,(1) Raramente,(1) Raramente,(1) Raramente,(1) Raramente,(2) Razoavelmente,(1) Raramente,0
4/19/2025 18:09:23,Aceito,18 a 25,Pardo(a),Mulher cis,Heterossexual,Médio completo,1 a 2 anos,Comércio,40 a 44 horas semanais,Não,Sim,Alugada,10 a 15 km,Bastante stress (3),Moderado stress (2),Bastante stress (3),Bastante stress (3),Bastante stress (3),Bastante stress (3),Moderado stress (2),Bastante stress (3),Bastante stress (3),Bastante stress (3),Bastante stress (3),Bastante stress (3),Bastante stress (3),Moderado stress (2),Bastante stress (3),Bastante stress (3),Bastante stress (3),Bastante stress (3),Moderado stress (2),Moderado stress (2),Bastante stress (3),Bastante stress (3),Bastante stress (3),Bastante stress (3),Bastante stress (3),(2) Razoavelmente,(1) Raramente,(2) Razoavelmente,(1) Raramente,(0) Nunca,(2) Razoavelmente,(2) Razoavelmente,0
4/19/2025 18:10:55,Aceito,18 a 25,Branco(a),Homem trans,Bissexual,Superior cursando,Menos de 1 ano,Comércio,44 horas ou mais,Não,Não,Própria,5 a 10 km,Bastante stress (3),Moderado stress (2),Bastante stress (3),Elevado stress (4),Moderado stress (2),Elevado stress (4),Elevado stress (4),Moderado stress (2),Bastante stress (3),Elevado stress (4),Elevado stress (4),Elevado stress (4),Pouco stress (1),Elevado stress (4),Elevado stress (4),Bastante stress (3),Moderado stress (2),Pouco stress (1),Bastante stress (3),Elevado stress (4),Bastante stress (3),Bastante stress (3),Bastante stress (3),Elevado stress (4),Elevado stress (4),(1) Raramente,(1) Raramente,(0) Nunca,(0) Nunca,(2) Razoavelmente,(2) Razoavelmente,(1) Raramente,0
4/21/2025 15:05:47,Aceito,18 a 25,Branco(a),Mulher cis,Bissexual,Superior incompleto,Menos de 1 ano,Comércio,40 a 44 horas semanais,Não,Não,Alugada,20 km ou mais,Bastante stress (3),Bastante stress (3),Bastante stress (3),Elevado stress (4),Pouco stress (1),Elevado stress (4),Elevado stress (4),Nenhum stress (0),Pouco stress (1),Pouco stress (1),Pouco stress (1),Moderado stress (2),Bastante stress (3),Bastante stress (3),Bastante stress (3),Elevado stress (4),Moderado stress (2),Moderado stress (2),Pouco stress (1),Elevado stress (4),Pouco stress (1),Moderado stress (2),Moderado stress (2),Moderado stress (2),Elevado stress (4),(1) Raramente,(2) Razoavelmente,(0) Nunca,(0) Nunca,(2) Razoavelmente,(2) Razoavelmente,(0) Nunca,0
4/21/2025 17:51:35,Aceito,18 a 25,Branco(a),Homem cis,Homossexual,Superior cursando,1 a 2 anos,Comércio,20 a 25 horas semanais,Não,Não,Própria,0 a 5 km,Bastante stress (3),Bastante stress (3),Bastante stress (3),Moderado stress (2),Nenhum stress (0),Moderado stress (2),Bastante stress (3),Bastante stress (3),Moderado stress (2),Bastante stress (3),Moderado stress (2),Moderado stress (2),Pouco stress (1),Nenhum stress (0),Moderado stress (2),Bastante stress (3),Moderado stress (2),Nenhum stress (0),Pouco stress (1),Moderado stress (2),Pouco stress (1),Moderado stress (2),Moderado stress (2),Moderado stress (2),Nenhum stress (0),(3) Moderadamente,(2) Razoavelmente,(1) Raramente,(0) Nunca,(2) Razoavelmente,(1) Raramente,(1) Raramente,0
4/21/2025 17:57:41,Aceito,18 a 25,Pardo(a),Homem cis,Panssexual,Superior cursando,Menos de 1 ano,Administrativo,30 a 35 horas semanais,Sim,Não,Própria,0 a 5 km,Pouco stress (1),Moderado stress (2),Moderado stress (2),Pouco stress (1),Pouco stress (1),Moderado stress (2),Bastante stress (3),Pouco stress (1),Pouco stress (1),Moderado stress (2),Moderado stress (2),Bastante stress (3),Pouco stress (1),Pouco stress (1),Pouco stress (1),Pouco stress (1),Pouco stress (1),Pouco stress (1),Nenhum stress (0),Pouco stress (1),Nenhum stress (0),Pouco stress (1),Pouco stress (1),Nenhum stress (0),Nenhum stress (0),(3) Moderadamente,(3) Moderadamente,(3) Moderadamente,(2) Razoavelmente,(3) Moderadamente,(3) Moderadamente,(3) Moderadamente,0
4/21/2025 23:59:07,Aceito,18 a 25,Preto(a),Não-binário,Panssexual,Superior incompleto,1 a 2 anos,Comércio,44 horas ou mais,Não,Não,Alugada,5 a 10 km,Bastante stress (3),Moderado stress (2),Elevado stress (4),Bastante stress (3),Nenhum stress (0),Elevado stress (4),Elevado stress (4),Nenhum stress (0),Moderado stress (2),Moderado stress (2),Bastante stress (3),Elevado stress (4),Nenhum stress (0),Elevado stress (4),Elevado stress (4),Elevado stress (4),Elevado stress (4),Nenhum stress (0),Nenhum stress (0),Nenhum stress (0),Moderado stress (2),Elevado stress (4),Nenhum stress (0),Elevado stress (4),Elevado stress (4),(2) Razoavelmente,(1) Raramente,(0) Nunca,(2) Razoavelmente,(2) Razoavelmente,(2) Razoavelmente,(2) Razoavelmente,0
4/23/2025 13:38:57,Aceito,25 a 30,Pardo(a),Mulher cis,Heterossexual,Pós-graduação,Menos de 1 ano,Comércio,44 horas ou mais,Não,Não,Alugada,20 km ou mais,Bastante stress (3),Bastante stress (3),Bastante stress (3),Bastante stress (3),Nenhum stress (0),Bastante stress (3),Bastante stress (3),Bastante stress (3),Bastante stress (3),Bastante stress (3),Bastante stress (3),Bastante stress (3),Nenhum stress (0),Nenhum stress (0),Bastante stress (3),Bastante stress (3),Bastante stress (3),Nenhum stress (0),Bastante stress (3),Bastante stress (3),Bastante stress (3),Bastante stress (3),Nenhum stress (0),Bastante stress (3),Bastante stress (3),(1) Raramente,(1) Raramente,(2) Razoavelmente,(0) Nunca,(1) Raramente,(1) Raramente,(1) Raramente,0
4/23/2025 17:16:25,Aceito,30 a 40,Preto(a),Mulher cis,Heterossexual,Superior incompleto,3 a 5 anos,Comércio,40 a 44 horas semanais,Não,Não,Alugada,10 a 15 km,Bastante stress (3),Bastante stress (3),Moderado stress (2),Bastante stress (3),Pouco stress (1),Bastante stress (3),Bastante stress (3),Pouco stress (1),Moderado stress (2),Pouco stress (1),Moderado stress (2),Bastante stress (3),Pouco stress (1),Pouco stress (1),Bastante stress (3),Bastante stress (3),Elevado stress (4),Pouco stress (1),Pouco stress (1),Elevado stress (4),Nenhum stress (0),Moderado stress (2),Pouco stress (1),Bastante stress (3),Pouco stress (1),(1) Raramente,(2) Razoavelmente,(2) Razoavelmente,(1) Raramente,(1) Raramente,(2) Razoavelmente,(1) Raramente,0
4/23/2025 17:19:39,Aceito,18 a 25,Branco(a),Mulher cis,Heterossexual,Superior cursando,1 a 2 anos,Comércio,40 a 44 horas semanais,Não,Não,Própria,20 km ou mais,Moderado stress (2),Bastante stress (3),Bastante stress (3),Moderado stress (2),Nenhum stress (0),Bastante stress (3),Elevado stress (4),Nenhum stress (0),Bastante stress (3),Nenhum stress (0),Moderado stress (2),Bastante stress (3),Pouco stress (1),Moderado stress (2),Pouco stress (1),Bastante stress (3),Moderado stress (2),Nenhum stress (0),Nenhum stress (0),Elevado stress (4),Moderado stress (2),Moderado stress (2),Pouco stress (1),Moderado stress (2),Nenhum stress (0),(4) Frequentemente,(3) Moderadamente,(4) Frequentemente,(4) Frequentemente,(4) Frequentemente,(2) Razoavelmente,(2) Razoavelmente,0
4/23/2025 17:23:23,Aceito,18 a 25,Pardo(a),Homem cis,Heterossexual,Médio completo,1 a 2 anos,Serviços gerais,40 a 44 horas semanais,Sim,Não,Própria,10 a 15 km,Bastante stress (3),Bastante stress (3),Elevado stress (4),Moderado stress (2),Pouco stress (1),Moderado stress (2),Bastante stress (3),Pouco stress (1),Elevado stress (4),Pouco stress (1),Moderado stress (2),Pouco stress (1),Pouco stress (1),Moderado stress (2),Bastante stress (3),Elevado stress (4),Moderado stress (2),Pouco stress (1),Pouco stress (1),Elevado stress (4),Moderado stress (2),Elevado stress (4),Pouco stress (1),Bastante stress (3),Pouco stress (1),(2) Razoavelmente,(1) Raramente,(1) Raramente,(1) Raramente,(2) Razoavelmente,(1) Raramente,(1) Raramente,0
4/23/2025 17:25:59,Aceito,25 a 30,Branco(a),Mulher cis,Heterossexual,Superior completo,5 a 10 anos,Comércio,44 horas ou mais,Não,Não,Alugada,10 a 15 km,Moderado stress (2),Elevado stress (4),Moderado stress (2),Moderado stress (2),Pouco stress (1),Elevado stress (4),Bastante stress (3),Nenhum stress (0),Moderado stress (2),Nenhum stress (0),Nenhum stress (0),Elevado stress (4),Moderado stress (2),Nenhum stress (0),Moderado stress (2),Elevado stress (4),Moderado stress (2),Nenhum stress (0),Nenhum stress (0),Bastante stress (3),Elevado stress (4),Moderado stress (2),Nenhum stress (0),Pouco stress (1),Nenhum stress (0),(2) Razoavelmente,(2) Razoavelmente,(1) Raramente,(2) Razoavelmente,(2) Razoavelmente,(1) Raramente,(1) Raramente,0
4/23/2025 17:28:25,Aceito,40 ou mais,Pardo(a),Mulher cis,Bissexual,Médio completo,10 a 15 anos,Comércio,40 a 44 horas semanais,Não,Sim,Própria,20 km ou mais,Moderado stress (2),Moderado stress (2),Moderado stress (2),Moderado stress (2),Pouco stress (1),Pouco stress (1),Pouco stress (1),Nenhum stress (0),Pouco stress (1),Pouco stress (1),Pouco stress (1),Pouco stress (1),Pouco stress (1),Pouco stress (1),Nenhum stress (0),Nenhum stress (0),Pouco stress (1),Moderado stress (2),Pouco stress (1),Pouco stress (1),Pouco stress (1),Pouco stress (1),Moderado stress (2),Nenhum stress (0),Pouco stress (1),(1) Raramente,(1) Raramente,(1) Raramente,(1) Raramente,(1) Raramente,(1) Raramente,(1) Raramente,0
4/23/2025 17:31:58,Aceito,18 a 25,Pardo(a),Mulher cis,Homossexual,Médio completo,1 a 2 anos,Alimentação,35 a 40 horas semanais,Não,Não,Alugada,15 a 20 km,Moderado stress (2),Pouco stress (1),Bastante stress (3),Moderado stress (2),Nenhum stress (0),Pouco stress (1),Bastante stress (3),Moderado stress (2),Bastante stress (3),Nenhum stress (0),Moderado stress (2),Moderado stress (2),Elevado stress (4),Moderado stress (2),Pouco stress (1),Moderado stress (2),Pouco stress (1),Nenhum stress (0),Pouco stress (1),Pouco stress (1),Bastante stress (3),Pouco stress (1),Nenhum stress (0),Pouco stress (1),Moderado stress (2),(3) Moderadamente,(3) Moderadamente,(1) Raramente,(0) Nunca,(0) Nunca,(3) Moderadamente,(2) Razoavelmente,0
4/23/2025 17:32:45,Aceito,18 a 25,Preto(a),Mulher cis,Heterossexual,Superior cursando,3 a 5 anos,Comércio,40 a 44 horas semanais,Não,Sim,Alugada,0 a 5 km,Pouco stress (1),Nenhum stress (0),Pouco stress (1),Pouco stress (1),Pouco stress (1),Pouco stress (1),Pouco stress (1),Nenhum stress (0),Pouco stress (1),Nenhum stress (0),Pouco stress (1),Nenhum stress (0),Nenhum stress (0),Nenhum stress (0),Pouco stress (1),Nenhum stress (0),Nenhum stress (0),Pouco stress (1),Nenhum stress (0),Nenhum stress (0),Nenhum stress (0),Moderado stress (2),Nenhum stress (0),Pouco stress (1),Nenhum stress (0),(3) Moderadamente,(2) Razoavelmente,(1) Raramente,(3) Moderadamente,(2) Razoavelmente,(2) Razoavelmente,(1) Raramente,0
4/23/2025 17:33:04,Aceito,25 a 30,Branco(a),Mulher cis,Bissexual,Médio completo,3 a 5 anos,Comércio,35 a 40 horas semanais,Não,Sim,Alugada,5 a 10 km,Pouco stress (1),Nenhum stress (0),Moderado stress (2),Pouco stress (1),Nenhum stress (0),Nenhum stress (0),Bastante stress (3),Moderado stress (2),Pouco stress (1),Pouco stress (1),Nenhum stress (0),Nenhum stress (0),Nenhum stress (0),Nenhum stress (0),Pouco stress (1),Bastante stress (3),Nenhum stress (0),Nenhum stress (0),Pouco stress (1),Bastante stress (3),Pouco stress (1),Pouco stress (1),Moderado stress (2),Pouco stress (1),Nenhum stress (0),(2) Razoavelmente,(3) Moderadamente,(1) Raramente,(1) Raramente,(1) Raramente,(4) Frequentemente,(2) Razoavelmente,0
4/23/2025 17:36:40,Aceito,18 a 25,Pardo(a),Mulher cis,Heterossexual,Médio completo,Menos de 1 ano,Comércio,40 a 44 horas semanais,Não,Não,Própria,15 a 20 km,Nenhum stress (0),Nenhum stress (0),Nenhum stress (0),Pouco stress (1),Nenhum stress (0),Pouco stress (1),Nenhum stress (0),Nenhum stress (0),Nenhum stress (0),Nenhum stress (0),Nenhum stress (0),Nenhum stress (0),Nenhum stress (0),Nenhum stress (0),Nenhum stress (0),Nenhum stress (0),Pouco stress (1),Nenhum stress (0),Nenhum stress (0),Nenhum stress (0),Nenhum stress (0),Nenhum stress (0),Nenhum stress (0),Nenhum stress (0),Nenhum stress (0),(2) Razoavelmente,(2) Razoavelmente,(2) Razoavelmente,(3) Moderadamente,(2) Razoavelmente,(2) Razoavelmente,(2) Razoavelmente,0
4/23/2025 17:38:49,Aceito,30 a 40,Pardo(a),Mulher cis,Heterossexual,Superior incompleto,10 a 15 anos,Comércio,40 a 44 horas semanais,Não,Sim,Própria,5 a 10 km,Pouco stress (1),Nenhum stress (0),Pouco stress (1),Pouco stress (1),Nenhum stress (0),Pouco stress (1),Pouco stress (1),Nenhum stress (0),Nenhum stress (0),Nenhum stress (0),Nenhum stress (0),Pouco stress (1),Nenhum stress (0),Nenhum stress (0),Moderado stress (2),Nenhum stress (0),Nenhum stress (0),Nenhum stress (0),Nenhum stress (0),Pouco stress (1),Pouco stress (1),Nenhum stress (0),Pouco stress (1),Pouco stress (1),Moderado stress (2),(2) Razoavelmente,(2) Razoavelmente,(4) Frequentemente,(1) Raramente,(2) Razoavelmente,(2) Razoavelmente,(1) Raramente,0
4/23/2025 17:39:57,Aceito,18 a 25,Pardo(a),Mulher cis,Heterossexual,Médio completo,Menos de 1 ano,Comércio,20 a 25 horas semanais,Não,Não,Própria,5 a 10 km,Pouco stress (1),Moderado stress (2),Pouco stress (1),Nenhum stress (0),Nenhum stress (0),Nenhum stress (0),Pouco stress (1),Nenhum stress (0),Pouco stress (1),Pouco stress (1),Nenhum stress (0),Pouco stress (1),Nenhum stress (0),Pouco stress (1),Nenhum stress (0),Moderado stress (2),Moderado stress (2),Nenhum stress (0),Nenhum stress (0),Pouco stress (1),Pouco stress (1),Pouco stress (1),Nenhum stress (0),Pouco stress (1),Nenhum stress (0),(2) Razoavelmente,(0) Nunca,(0) Nunca,(1) Raramente,(0) Nunca,(1) Raramente,(1) Raramente,0
4/23/2025 17:41:19,Aceito,30 a 40,Pardo(a),Mulher cis,Bissexual,Médio completo,Menos de 1 ano,Alimentação,44 horas ou mais,Não,Não,Alugada,20 km ou mais,Pouco stress (1),Pouco stress (1),Nenhum stress (0),Bastante stress (3),Nenhum stress (0),Pouco stress (1),Pouco stress (1),Nenhum stress (0),Nenhum stress (0),Nenhum stress (0),Nenhum stress (0),Nenhum stress (0),Nenhum stress (0),Pouco stress (1),Pouco stress (1),Moderado stress (2),Nenhum stress (0),Nenhum stress (0),Nenhum stress (0),Nenhum stress (0),Nenhum stress (0),Nenhum stress (0),Nenhum stress (0),Elevado stress (4),Pouco stress (1),(3) Moderadamente,(3) Moderadamente,(1) Raramente,(2) Razoavelmente,(1) Raramente,(4) Frequentemente,(3) Moderadamente,0
4/23/2025 17:43:07,Aceito,40 ou mais,Pardo(a),Mulher cis,Assexual,Superior completo,15 anos ou mais,Comércio,44 horas ou mais,Não,Sim,Própria,20 km ou mais,Bastante stress (3),Moderado stress (2),Moderado stress (2),Moderado stress (2),Pouco stress (1),Bastante stress (3),Bastante stress (3),Moderado stress (2),Moderado stress (2),Bastante stress (3),Bastante stress (3),Bastante stress (3),Elevado stress (4),Elevado stress (4),Moderado stress (2),Bastante stress (3),Bastante stress (3),Pouco stress (1),Pouco stress (1),Elevado stress (4),Pouco stress (1),Moderado stress (2),Nenhum stress (0),Bastante stress (3),Nenhum stress (0),(3) Moderadamente,(1) Raramente,(0) Nunca,(1) Raramente,(2) Razoavelmente,(1) Raramente,(1) Raramente,0
4/23/2025 17:43:31,Aceito,18 a 25,Pardo(a),Mulher cis,Heterossexual,Médio completo,Menos de 1 ano,Comércio,44 horas ou mais,Não,Não,Alugada,0 a 5 km,Moderado stress (2),Pouco stress (1),Moderado stress (2),Pouco stress (1),Moderado stress (2),Bastante stress (3),Pouco stress (1),Pouco stress (1),Moderado stress (2),Nenhum stress (0),Moderado stress (2),Moderado stress (2),Nenhum stress (0),Nenhum stress (0),Moderado stress (2),Pouco stress (1),Bastante stress (3),Moderado stress (2),Nenhum stress (0),Pouco stress (1),Nenhum stress (0),Pouco stress (1),Pouco stress (1),Bastante stress (3),Nenhum stress (0),(1) Raramente,(1) Raramente,(1) Raramente,(1) Raramente,(1) Raramente,(2) Razoavelmente,(0) Nunca,0
4/23/2025 17:46:33,Aceito,25 a 30,Pardo(a),Mulher cis,Heterossexual,Superior cursando,5 a 10 anos,Comércio,44 horas ou mais,Não,Não,Própria,15 a 20 km,Pouco stress (1),Moderado stress (2),Nenhum stress (0),Nenhum stress (0),Nenhum stress (0),Moderado stress (2),Moderado stress (2),Nenhum stress (0),Nenhum stress (0),Nenhum stress (0),Nenhum stress (0),Nenhum stress (0),Nenhum stress (0),Nenhum stress (0),Pouco stress (1),Pouco stress (1),Nenhum stress (0),Nenhum stress (0),Nenhum stress (0),Pouco stress (1),Nenhum stress (0),Nenhum stress (0),Nenhum stress (0),Pouco stress (1),Nenhum stress (0),(4) Frequentemente,(4) Frequentemente,(4) Frequentemente,(4) Frequentemente,(4) Frequentemente,(4) Frequentemente,(4) Frequentemente,0
4/23/2025 17:46:35,Aceito,30 a 40,Pardo(a),Mulher cis,Heterossexual,Fundamental completo,15 anos ou mais,Comércio,44 horas ou mais,Não,Sim,Própria,20 km ou mais,Pouco stress (1),Pouco stress (1),Pouco stress (1),Elevado stress (4),Pouco stress (1),Moderado stress (2),Bastante stress (3),Nenhum stress (0),Nenhum stress (0),Nenhum stress (0),Nenhum stress (0),Nenhum stress (0),Nenhum stress (0),Nenhum stress (0),Moderado stress (2),Moderado stress (2),Nenhum stress (0),Nenhum stress (0),Nenhum stress (0),Moderado stress (2),Nenhum stress (0),Nenhum stress (0),Nenhum stress (0),Moderado stress (2),Nenhum stress (0),(3) Moderadamente,(1) Raramente,(0) Nunca,(2) Razoavelmente,(1) Raramente,(4) Frequentemente,(3) Moderadamente,0
4/23/2025 17:46:43,Aceito,40 ou mais,Pardo(a),Homem cis,Homossexual,Médio completo,15 anos ou mais,Comércio,40 a 44 horas semanais,Não,Não,Própria,10 a 15 km,Moderado stress (2),Moderado stress (2),Moderado stress (2),Moderado stress (2),Moderado stress (2),Nenhum stress (0),Nenhum stress (0),Nenhum stress (0),Nenhum stress (0),Nenhum stress (0),Nenhum stress (0),Nenhum stress (0),Nenhum stress (0),Nenhum stress (0),Moderado stress (2),Nenhum stress (0),Nenhum stress (0),Nenhum stress (0),Nenhum stress (0),Moderado stress (2),Nenhum stress (0),Nenhum stress (0),Nenhum stress (0),Nenhum stress (0),Nenhum stress (0),(3) Moderadamente,(0) Nunca,(2) Razoavelmente,(1) Raramente,(3) Moderadamente,(3) Moderadamente,(3) Moderadamente,0
4/23/2025 17:48:44,Aceito,30 a 40,Pardo(a),Mulher cis,Heterossexual,Médio completo,1 a 2 anos,Comércio,40 a 44 horas semanais,Não,Sim,Alugada,10 a 15 km,Moderado stress (2),Moderado stress (2),Pouco stress (1),Moderado stress (2),Pouco stress (1),Pouco stress (1),Bastante stress (3),Nenhum stress (0),Pouco stress (1),Nenhum stress (0),Pouco stress (1),Pouco stress (1),Pouco stress (1),Pouco stress (1),Bastante stress (3),Moderado stress (2),Pouco stress (1),Pouco stress (1),Pouco stress (1),Pouco stress (1),Pouco stress (1),Moderado stress (2),Pouco stress (1),Bastante stress (3),Pouco stress (1),(1) Raramente,(2) Razoavelmente,(1) Raramente,(1) Raramente,(0) Nunca,(4) Frequentemente,(1) Raramente,0
4/23/2025 17:48:51,Aceito,18 a 25,Amarelo(a),Mulher cis,Heterossexual,Superior cursando,3 a 5 anos,Comércio,40 a 44 horas semanais,Não,Não,Alugada,20 km ou mais,Elevado stress (4),Elevado stress (4),Bastante stress (3),Bastante stress (3),Bastante stress (3),Bastante stress (3),Bastante stress (3),Bastante stress (3),Bastante stress (3),Bastante stress (3),Bastante stress (3),Bastante stress (3),Bastante stress (3),Bastante stress (3),Bastante stress (3),Bastante stress (3),Bastante stress (3),Bastante stress (3),Bastante stress (3),Bastante stress (3),Bastante stress (3),Bastante stress (3),Bastante stress (3),Bastante stress (3),Bastante stress (3),(4) Frequentemente,(4) Frequentemente,(0) Nunca,(1) Raramente,(0) Nunca,(1) Raramente,(1) Raramente,0
4/23/2025 17:50:57,Aceito,18 a 25,Pardo(a),Mulher cis,Heterossexual,Médio completo,Menos de 1 ano,Comércio,40 a 44 horas semanais,Não,Não,Alugada,20 km ou mais,Elevado stress (4),Elevado stress (4),Elevado stress (4),Moderado stress (2),Elevado stress (4),Elevado stress (4),Elevado stress (4),Elevado stress (4),Elevado stress (4),Elevado stress (4),Bastante stress (3),Bastante stress (3),Bastante stress (3),Bastante stress (3),Elevado stress (4),Bastante stress (3),Bastante stress (3),Bastante stress (3),Moderado stress (2),Bastante stress (3),Bastante stress (3),Bastante stress (3),Bastante stress (3),Elevado stress (4),Bastante stress (3),(2) Razoavelmente,(1) Raramente,(1) Raramente,(1) Raramente,(1) Raramente,(2) Razoavelmente,(2) Razoavelmente,0
4/23/2025 17:52:13,Aceito,25 a 30,Branco(a),Homem cis,Homossexual,Superior incompleto,Menos de 1 ano,Comércio,44 horas ou mais,Não,Não,Alugada,10 a 15 km,Moderado stress (2),Elevado stress (4),Bastante stress (3),Pouco stress (1),Pouco stress (1),Bastante stress (3),Elevado stress (4),Moderado stress (2),Moderado stress (2),Elevado stress (4),Bastante stress (3),Bastante stress (3),Moderado stress (2),Moderado stress (2),Pouco stress (1),Bastante stress (3),Bastante stress (3),Pouco stress (1),Elevado stress (4),Elevado stress (4),Moderado stress (2),Bastante stress (3),Moderado stress (2),Pouco stress (1),Moderado stress (2),(2) Razoavelmente,(2) Razoavelmente,(1) Raramente,(2) Razoavelmente,(1) Raramente,(2) Razoavelmente,(2) Razoavelmente,0
4/23/2025 18:00:16,Aceito,18 a 25,Pardo(a),Mulher cis,Bissexual,Superior cursando,3 a 5 anos,Comércio,40 a 44 horas semanais,Não,Não,Alugada,15 a 20 km,Moderado stress (2),Moderado stress (2),Elevado stress (4),Elevado stress (4),Nenhum stress (0),Bastante stress (3),Moderado stress (2),Nenhum stress (0),Nenhum stress (0),Nenhum stress (0),Pouco stress (1),Moderado stress (2),Nenhum stress (0),Bastante stress (3),Elevado stress (4),Nenhum stress (0),Bastante stress (3),Nenhum stress (0),Nenhum stress (0),Moderado stress (2),Nenhum stress (0),Nenhum stress (0),Nenhum stress (0),Elevado stress (4),Nenhum stress (0),(1) Raramente,(2) Razoavelmente,(0) Nunca,(1) Raramente,(1) Raramente,(1) Raramente,(1) Raramente,0
4/23/2025 18:00:32,Aceito,40 ou mais,Pardo(a),Mulher cis,Heterossexual,Superior completo,15 anos ou mais,Comércio,40 a 44 horas semanais,Não,Não,Própria,15 a 20 km,Pouco stress (1),Elevado stress (4),Bastante stress (3),Elevado stress (4),Moderado stress (2),Pouco stress (1),Elevado stress (4),Nenhum stress (0),Pouco stress (1),Nenhum stress (0),Pouco stress (1),Elevado stress (4),Bastante stress (3),,,,,,,,,,,Bastante stress (3),Elevado stress (4),(0) Nunca,(0) Nunca,(0) Nunca,(0) Nunca,(1) Raramente,(1) Raramente,(1) Raramente,0
4/23/2025 18:02:15,Aceito,18 a 25,Preto(a),Mulher cis,Heterossexual,Médio completo,5 a 10 anos,Comércio,44 horas ou mais,Não,Sim,Própria,10 a 15 km,Moderado stress (2),Elevado stress (4),Bastante stress (3),Bastante stress (3),Pouco stress (1),Bastante stress (3),Moderado stress (2),Bastante stress (3),Bastante stress (3),Pouco stress (1),Moderado stress (2),Bastante stress (3),Pouco stress (1),Moderado stress (2),Bastante stress (3),Moderado stress (2),Bastante stress (3),Pouco stress (1),Pouco stress (1),Moderado stress (2),Moderado stress (2),Moderado stress (2),Pouco stress (1),Bastante stress (3),Moderado stress (2),(2) Razoavelmente,(1) Raramente,(3) Moderadamente,(4) Frequentemente,(1) Raramente,(2) Razoavelmente,(1) Raramente,0
4/23/2025 18:02:38,Aceito,30 a 40,Pardo(a),Mulher cis,Homossexual,Médio incompleto,15 anos ou mais,Comércio,40 a 44 horas semanais,Não,Sim,Própria,15 a 20 km,Pouco stress (1),Moderado stress (2),Nenhum stress (0),Pouco stress (1),Nenhum stress (0),Pouco stress (1),Nenhum stress (0),Moderado stress (2),Pouco stress (1),Bastante stress (3),Pouco stress (1),Pouco stress (1),Nenhum stress (0),Nenhum stress (0),Moderado stress (2),Moderado stress (2),Moderado stress (2),Nenhum stress (0),Moderado stress (2),Moderado stress (2),Pouco stress (1),Pouco stress (1),Nenhum stress (0),Pouco stress (1),Moderado stress (2),(4) Frequentemente,(4) Frequentemente,(4) Frequentemente,(2) Razoavelmente,(1) Raramente,(4) Frequentemente,(3) Moderadamente,0
4/23/2025 18:05:50,Aceito,30 a 40,Pardo(a),Homem cis,Heterossexual,Médio completo,10 a 15 anos,Comércio,40 a 44 horas semanais,Não,Sim,Alugada,0 a 5 km,Moderado stress (2),Moderado stress (2),Bastante stress (3),Pouco stress (1),Moderado stress (2),Moderado stress (2),Moderado stress (2),Moderado stress (2),Pouco stress (1),Moderado stress (2),Moderado stress (2),Bastante stress (3),Pouco stress (1),Moderado stress (2),Moderado stress (2),Moderado stress (2),Moderado stress (2),Pouco stress (1),Moderado stress (2),Moderado stress (2),Pouco stress (1),Moderado stress (2),Pouco stress (1),Moderado stress (2),Moderado stress (2),(3) Moderadamente,(3) Moderadamente,(4) Frequentemente,(3) Moderadamente,(2) Razoavelmente,(3) Moderadamente,(4) Frequentemente,0
4/23/2025 18:07:54,Aceito,30 a 40,Preto(a),Mulher cis,Heterossexual,Médio completo,10 a 15 anos,Comércio,44 horas ou mais,Não,Sim,Alugada,5 a 10 km,Bastante stress (3),Bastante stress (3),Elevado stress (4),Elevado stress (4),Moderado stress (2),Bastante stress (3),Elevado stress (4),Bastante stress (3),Elevado stress (4),Moderado stress (2),Moderado stress (2),Elevado stress (4),Moderado stress (2),Bastante stress (3),Elevado stress (4),Bastante stress (3),Elevado stress (4),Bastante stress (3),Moderado stress (2),Bastante stress (3),Moderado stress (2),Elevado stress (4),Bastante stress (3),Elevado stress (4),Moderado stress (2),(1) Raramente,(2) Razoavelmente,(4) Frequentemente,(2) Razoavelmente,(1) Raramente,(2) Razoavelmente,(1) Raramente,0
4/23/2025 18:08:07,Aceito,18 a 25,Pardo(a),Homem cis,Homossexual,Superior cursando,3 a 5 anos,Comércio,40 a 44 horas semanais,Não,Não,Alugada,20 km ou mais,Bastante stress (3),Moderado stress (2),Bastante stress (3),Bastante stress (3),Pouco stress (1),Elevado stress (4),Pouco stress (1),Pouco stress (1),Bastante stress (3),Nenhum stress (0),Moderado stress (2),Elevado stress (4),Elevado stress (4),Bastante stress (3),Elevado stress (4),Bastante stress (3),Elevado stress (4),Pouco stress (1),Pouco stress (1),Elevado stress (4),Bastante stress (3),Elevado stress (4),Bastante stress (3),Elevado stress (4),Elevado stress (4),(1) Raramente,(1) Raramente,(1) Raramente,(1) Raramente,(1) Raramente,(2) Razoavelmente,(1) Raramente,0
4/23/2025 18:08:09,Aceito,25 a 30,Branco(a),Homem cis,Heterossexual,Superior cursando,5 a 10 anos,Comércio,44 horas ou mais,Não,Não,Própria,15 a 20 km,Moderado stress (2),Bastante stress (3),Bastante stress (3),Moderado stress (2),Nenhum stress (0),Moderado stress (2),Moderado stress (2),Bastante stress (3),Bastante stress (3),Elevado stress (4),Pouco stress (1),Moderado stress (2),Bastante stress (3),Pouco stress (1),Moderado stress (2),Bastante stress (3),Moderado stress (2),Nenhum stress (0),Pouco stress (1),Moderado stress (2),Elevado stress (4),Moderado stress (2),Nenhum stress (0),Moderado stress (2),Nenhum stress (0),(1) Raramente,(3) Moderadamente,(4) Frequentemente,(1) Raramente,(3) Moderadamente,(3) Moderadamente,(2) Razoavelmente,0
4/23/2025 18:11:17,Aceito,25 a 30,Pardo(a),Mulher cis,Bissexual,Médio completo,3 a 5 anos,Comércio,25 a 30 horas semanais,Sim,Sim,Própria,0 a 5 km,Moderado stress (2),Moderado stress (2),Pouco stress (1),Nenhum stress (0),Pouco stress (1),Moderado stress (2),Pouco stress (1),Nenhum stress (0),Nenhum stress (0),Nenhum stress (0),Nenhum stress (0),Moderado stress (2),Nenhum stress (0),Nenhum stress (0),Moderado stress (2),Pouco stress (1),Pouco stress (1),Pouco stress (1),Nenhum stress (0),Pouco stress (1),Nenhum stress (0),Nenhum stress (0),Nenhum stress (0),Pouco stress (1),Pouco stress (1),(1) Raramente,(1) Raramente,(1) Raramente,(1) Raramente,(0) Nunca,(2) Razoavelmente,(1) Raramente,0
4/23/2025 18:15:45,Aceito,30 a 40,Pardo(a),Mulher cis,Heterossexual,Médio incompleto,Menos de 1 ano,Comércio,20 a 25 horas semanais,Não,Sim,Alugada,15 a 20 km,Pouco stress (1),Pouco stress (1),Pouco stress (1),Nenhum stress (0),Nenhum stress (0),Moderado stress (2),Pouco stress (1),Pouco stress (1),Pouco stress (1),Moderado stress (2),Pouco stress (1),Moderado stress (2),Bastante stress (3),Nenhum stress (0),Pouco stress (1),Moderado stress (2),Moderado stress (2),Pouco stress (1),Moderado stress (2),Bastante stress (3),Elevado stress (4),Nenhum stress (0),Moderado stress (2),Nenhum stress (0),Moderado stress (2),(3) Moderadamente,(2) Razoavelmente,(1) Raramente,(1) Raramente,(0) Nunca,(4) Frequentemente,(3) Moderadamente,0
4/23/2025 18:21:44,Aceito,30 a 40,Branco(a),Mulher cis,Heterossexual,Médio completo,5 a 10 anos,Comércio,40 a 44 horas semanais,Sim,Não,Alugada,20 km ou mais,Moderado stress (2),Pouco stress (1),Moderado stress (2),Moderado stress (2),Pouco stress (1),Bastante stress (3),Moderado stress (2),Pouco stress (1),Bastante stress (3),Nenhum stress (0),Moderado stress (2),Bastante stress (3),Pouco stress (1),Bastante stress (3),Moderado stress (2),Moderado stress (2),Bastante stress (3),Pouco stress (1),Bastante stress (3),Bastante stress (3),Bastante stress (3),Bastante stress (3),Elevado stress (4),Moderado stress (2),Bastante stress (3),(2) Razoavelmente,(2) Razoavelmente,(1) Raramente,(1) Raramente,(1) Raramente,(2) Razoavelmente,(1) Raramente,0
4/23/2025 18:22:09,Aceito,30 a 40,Pardo(a),Mulher cis,Heterossexual,Superior incompleto,5 a 10 anos,Comércio,44 horas ou mais,Não,Não,Própria,0 a 5 km,Bastante stress (3),Pouco stress (1),Bastante stress (3),Elevado stress (4),Moderado stress (2),Elevado stress (4),Elevado stress (4),Bastante stress (3),Elevado stress (4),Bastante stress (3),Moderado stress (2),Elevado stress (4),Moderado stress (2),Pouco stress (1),Elevado stress (4),Moderado stress (2),Elevado stress (4),Moderado stress (2),Elevado stress (4),Elevado stress (4),Elevado stress (4),Elevado stress (4),Bastante stress (3),Elevado stress (4),Elevado stress (4),(1) Raramente,(1) Raramente,(4) Frequentemente,(0) Nunca,(0) Nunca,(2) Razoavelmente,(0) Nunca,0
4/23/2025 18:26:07,Aceito,25 a 30,Pardo(a),Mulher cis,Heterossexual,Superior incompleto,3 a 5 anos,Comércio,44 horas ou mais,Não,Não,Própria,0 a 5 km,Moderado stress (2),Bastante stress (3),Elevado stress (4),Bastante stress (3),Pouco stress (1),Moderado stress (2),Elevado stress (4),Nenhum stress (0),Elevado stress (4),Pouco stress (1),Moderado stress (2),Bastante stress (3),Moderado stress (2),Pouco stress (1),Elevado stress (4),Bastante stress (3),Moderado stress (2),Pouco stress (1),Pouco stress (1),Elevado stress (4),Pouco stress (1),Bastante stress (3),Moderado stress (2),Bastante stress (3),Bastante stress (3),(3) Moderadamente,(2) Razoavelmente,(1) Raramente,(2) Razoavelmente,(2) Razoavelmente,(2) Razoavelmente,(3) Moderadamente,0
4/23/2025 18:26:36,Aceito,30 a 40,Pardo(a),Homem cis,Heterossexual,Médio completo,5 a 10 anos,Comércio,44 horas ou mais,Não,Não,Alugada,0 a 5 km,Moderado stress (2),Moderado stress (2),Moderado stress (2),Elevado stress (4),Moderado stress (2),Bastante stress (3),Bastante stress (3),Pouco stress (1),Moderado stress (2),Pouco stress (1),Nenhum stress (0),Moderado stress (2),Pouco stress (1),Moderado stress (2),Elevado stress (4),Moderado stress (2),Bastante stress (3),Moderado stress (2),Pouco stress (1),Moderado stress (2),Pouco stress (1),Moderado stress (2),Moderado stress (2),Elevado stress (4),Nenhum stress (0),(3) Moderadamente,(3) Moderadamente,(3) Moderadamente,(2) Razoavelmente,(1) Raramente,(2) Razoavelmente,(1) Raramente,0
4/23/2025 18:28:20,Aceito,30 a 40,Pardo(a),Mulher cis,Heterossexual,Fundamental completo,10 a 15 anos,Comércio,44 horas ou mais,Não,Sim,Própria,15 a 20 km,Bastante stress (3),Nenhum stress (0),Bastante stress (3),Bastante stress (3),Pouco stress (1),Moderado stress (2),Moderado stress (2),Pouco stress (1),Moderado stress (2),Moderado stress (2),Moderado stress (2),Moderado stress (2),Moderado stress (2),Moderado stress (2),Moderado stress (2),Pouco stress (1),Moderado stress (2),Moderado stress (2),Moderado stress (2),Moderado stress (2),Moderado stress (2),Moderado stress (2),Moderado stress (2),Moderado stress (2),Moderado stress (2),(1) Raramente,(1) Raramente,(1) Raramente,(1) Raramente,(0) Nunca,(1) Raramente,(1) Raramente,0
4/23/2025 18:28:36,Aceito,25 a 30,Pardo(a),Homem cis,Heterossexual,Médio completo,3 a 5 anos,Comércio,44 horas ou mais,Não,Sim,Alugada,15 a 20 km,Bastante stress (3),Elevado stress (4),Moderado stress (2),Elevado stress (4),Pouco stress (1),Elevado stress (4),Elevado stress (4),Pouco stress (1),Pouco stress (1),Nenhum stress (0),Moderado stress (2),Elevado stress (4),Pouco stress (1),Pouco stress (1),Elevado stress (4),Elevado stress (4),Pouco stress (1),Pouco stress (1),Bastante stress (3),Elevado stress (4),Elevado stress (4),Moderado stress (2),Elevado stress (4),Elevado stress (4),Elevado stress (4),(0) Nunca,(1) Raramente,(1) Raramente,(0) Nunca,(0) Nunca,(1) Raramente,(1) Raramente,0
4/23/2025 18:28:36,Aceito,30 a 40,Pardo(a),Homem cis,Heterossexual,Superior cursando,10 a 15 anos,Comércio,44 horas ou mais,Sim,Sim,Própria,15 a 20 km,Moderado stress (2),Bastante stress (3),Moderado stress (2),Bastante stress (3),Pouco stress (1),Bastante stress (3),Elevado stress (4),Pouco stress (1),Pouco stress (1),Pouco stress (1),Moderado stress (2),Bastante stress (3),Pouco stress (1),Pouco stress (1),Bastante stress (3),Bastante stress (3),Pouco stress (1),Pouco stress (1),Bastante stress (3),Elevado stress (4),Moderado stress (2),Moderado stress (2),Elevado stress (4),Elevado stress (4),Elevado stress (4),(1) Raramente,(2) Razoavelmente,(4) Frequentemente,(1) Raramente,(2) Razoavelmente,(1) Raramente,(1) Raramente,0
4/23/2025 18:29:18,Aceito,30 a 40,Pardo(a),Mulher cis,Heterossexual,Médio completo,Menos de 1 ano,Comércio,44 horas ou mais,Não,Sim,Alugada,5 a 10 km,Bastante stress (3),Bastante stress (3),Bastante stress (3),Bastante stress (3),Bastante stress (3),Bastante stress (3),Bastante stress (3),Bastante stress (3),Bastante stress (3),Bastante stress (3),Elevado stress (4),Bastante stress (3),Bastante stress (3),Bastante stress (3),Bastante stress (3),Bastante stress (3),Bastante stress (3),Bastante stress (3),Bastante stress (3),Bastante stress (3),Bastante stress (3),Bastante stress (3),Bastante stress (3),Bastante stress (3),Bastante stress (3),(2) Razoavelmente,(1) Raramente,(0) Nunca,(2) Razoavelmente,(0) Nunca,(4) Frequentemente,(1) Raramente,0
4/23/2025 18:30:37,Aceito,40 ou mais,Pardo(a),Mulher cis,Heterossexual,Superior incompleto,15 anos ou mais,Comércio,40 a 44 horas semanais,Não,Sim,Própria,10 a 15 km,Pouco stress (1),Pouco stress (1),Moderado stress (2),Bastante stress (3),Pouco stress (1),Pouco stress (1),Bastante stress (3),Moderado stress (2),Pouco stress (1),Moderado stress (2),Pouco stress (1),Moderado stress (2),Pouco stress (1),Moderado stress (2),Moderado stress (2),Pouco stress (1),Pouco stress (1),Pouco stress (1),Moderado stress (2),Bastante stress (3),Pouco stress (1),Nenhum stress (0),Pouco stress (1),Moderado stress (2),Pouco stress (1),(1) Raramente,(1) Raramente,(0) Nunca,(4) Frequentemente,(1) Raramente,(2) Razoavelmente,(3) Moderadamente,0
4/23/2025 18:35:00,Aceito,30 a 40,Pardo(a),Mulher cis,Heterossexual,Médio completo,3 a 5 anos,Comércio,44 horas ou mais,Não,Sim,Própria,20 km ou mais,Moderado stress (2),Moderado stress (2),Moderado stress (2),Pouco stress (1),Moderado stress (2),Bastante stress (3),Moderado stress (2),Moderado stress (2),Moderado stress (2),Nenhum stress (0),Pouco stress (1),Pouco stress (1),Pouco stress (1),Pouco stress (1),Moderado stress (2),Moderado stress (2),Moderado stress (2),Moderado stress (2),Moderado stress (2),Moderado stress (2),Bastante stress (3),Moderado stress (2),Moderado stress (2),Moderado stress (2),Pouco stress (1),(2) Razoavelmente,(2) Razoavelmente,(0) Nunca,(1) Raramente,(0) Nunca,(2) Razoavelmente,(2) Razoavelmente,0
4/23/2025 18:38:22,Aceito,30 a 40,Pardo(a),Mulher cis,Heterossexual,Superior incompleto,10 a 15 anos,Comércio,44 horas ou mais,Não,Sim,Alugada,20 km ou mais,Bastante stress (3),Elevado stress (4),Moderado stress (2),Moderado stress (2),Pouco stress (1),Moderado stress (2),Elevado stress (4),Nenhum stress (0),Moderado stress (2),Bastante stress (3),Elevado stress (4),Moderado stress (2),Moderado stress (2),Pouco stress (1),Elevado stress (4),Elevado stress (4),Bastante stress (3),Moderado stress (2),Bastante stress (3),Elevado stress (4),Bastante stress (3),Elevado stress (4),Bastante stress (3),Elevado stress (4),Moderado stress (2),(3) Moderadamente,(2) Razoavelmente,(1) Raramente,(2) Razoavelmente,(2) Razoavelmente,(4) Frequentemente,(1) Raramente,0
4/23/2025 18:39:56,Aceito,30 a 40,Pardo(a),Mulher cis,Heterossexual,Fundamental incompleto,5 a 10 anos,Comércio,44 horas ou mais,Não,Não,Alugada,0 a 5 km,Elevado stress (4),Elevado stress (4),Elevado stress (4),Elevado stress (4),Elevado stress (4),Elevado stress (4),Elevado stress (4),Elevado stress (4),Elevado stress (4),Moderado stress (2),Elevado stress (4),Elevado stress (4),Elevado stress (4),Moderado stress (2),Elevado stress (4),Elevado stress (4),Elevado stress (4),Elevado stress (4),Elevado stress (4),Elevado stress (4),Elevado stress (4),Elevado stress (4),Elevado stress (4),Elevado stress (4),Elevado stress (4),(1) Raramente,(1) Raramente,(2) Razoavelmente,(2) Razoavelmente,(0) Nunca,(2) Razoavelmente,(1) Raramente,0
4/23/2025 18:40:24,Aceito,25 a 30,Pardo(a),Prefiro não responder,Prefiro não responder,Médio completo,Menos de 1 ano,Comércio,44 horas ou mais,Não,Sim,Alugada,20 km ou mais,Bastante stress (3),Elevado stress (4),Elevado stress (4),Elevado stress (4),Pouco stress (1),Elevado stress (4),Elevado stress (4),Pouco stress (1),Elevado stress (4),Nenhum stress (0),Elevado stress (4),Elevado stress (4),Nenhum stress (0),Elevado stress (4),Elevado stress (4),Elevado stress (4),Elevado stress (4),Nenhum stress (0),Nenhum stress (0),Elevado stress (4),Nenhum stress (0),Elevado stress (4),Nenhum stress (0),Elevado stress (4),Elevado stress (4),(2) Razoavelmente,(1) Raramente,(4) Frequentemente,(1) Raramente,(0) Nunca,(1) Raramente,(1) Raramente,0
4/23/2025 18:41:42,Aceito,30 a 40,Pardo(a),Mulher cis,Heterossexual,Médio completo,15 anos ou mais,Comércio,44 horas ou mais,Não,Sim,Própria,15 a 20 km,Elevado stress (4),Elevado stress (4),Moderado stress (2),Elevado stress (4),Pouco stress (1),Bastante stress (3),Elevado stress (4),Moderado stress (2),Elevado stress (4),Bastante stress (3),Elevado stress (4),Moderado stress (2),Bastante stress (3),Pouco stress (1),Elevado stress (4),Nenhum stress (0),Bastante stress (3),Pouco stress (1),Moderado stress (2),Elevado stress (4),Moderado stress (2),Moderado stress (2),Moderado stress (2),Elevado stress (4),Elevado stress (4),(2) Razoavelmente,(2) Razoavelmente,(4) Frequentemente,(3) Moderadamente,(3) Moderadamente,(1) Raramente,(1) Raramente,0
4/24/2025 2:04:10,Aceito,40 ou mais,Pardo(a),Mulher cis,Heterossexual,Superior incompleto,15 anos ou mais,Comércio,44 horas ou mais,Não,Sim,Alugada,20 km ou mais,Bastante stress (3),Bastante stress (3),Moderado stress (2),Bastante stress (3),Pouco stress (1),Bastante stress (3),Bastante stress (3),Moderado stress (2),Pouco stress (1),Bastante stress (3),Moderado stress (2),Pouco stress (1),Pouco stress (1),Pouco stress (1),Bastante stress (3),Moderado stress (2),Moderado stress (2),Pouco stress (1),Moderado stress (2),Bastante stress (3),Pouco stress (1),Pouco stress (1),Pouco stress (1),Elevado stress (4),Pouco stress (1),(1) Raramente,(1) Raramente,(3) Moderadamente,(2) Razoavelmente,(4) Frequentemente,(1) Raramente,(1) Raramente,0
4/25/2025 9:50:45,Aceito,30 a 40,Pardo(a),Mulher cis,Heterossexual,Médio completo,1 a 2 anos,Alimentação,44 horas ou mais,Não,Sim,Própria,0 a 5 km,Elevado stress (4),Moderado stress (2),Elevado stress (4),Elevado stress (4),Elevado stress (4),Elevado stress (4),Elevado stress (4),Bastante stress (3),Elevado stress (4),Bastante stress (3),Elevado stress (4),Elevado stress (4),Elevado stress (4),Bastante stress (3),Elevado stress (4),Elevado stress (4),Elevado stress (4),Elevado stress (4),Elevado stress (4),Elevado stress (4),Elevado stress (4),Elevado stress (4),Elevado stress (4),Elevado stress (4),Bastante stress (3),(1) Raramente,(1) Raramente,(0) Nunca,(0) Nunca,(0) Nunca,(1) Raramente,(1) Raramente,0
